event_id,t_ms,code_name,code_class,diagram_name,source_class,group,layer_index,kind,tensor_idx,tensor_name,shape,dtype,device,requires_grad,mean,std,min,max
0,0.000,backbone.vision_backbone.trunk,ViT,Image Encoder (ViT trunk),image,image_encoder,,input,0,[0],1x3x1008x1008,float32,cuda:0,False,-0.22487251460552216,0.6167013049125671,-1.0,1.0
1,128.406,backbone.vision_backbone.trunk,ViT,Image Encoder (ViT trunk),image,image_encoder,,output,0,[0],1x1024x72x72,float32,cuda:0,False,0.02025115117430687,1.3456740379333496,-218.43557739257812,25.45071029663086
2,257.501,backbone.vision_backbone.position_encoding,PositionEmbeddingSine,Image Encoder (Pos Enc),image,image_encoder,,input,0,[0],1x256x288x288,float32,cuda:0,False,-0.016558237373828888,0.02073587290942669,-0.2941204905509949,0.21765190362930298
3,261.070,backbone.vision_backbone.position_encoding,PositionEmbeddingSine,Image Encoder (Pos Enc),image,image_encoder,,output,0,tensor,1x256x288x288,float32,cuda:0,False,0.49501627683639526,0.504934549331665,-1.0,1.0
4,264.410,backbone.vision_backbone.position_encoding,PositionEmbeddingSine,Image Encoder (Pos Enc),image,image_encoder,,input,0,[0],1x256x144x144,float32,cuda:0,False,0.005302513018250465,1.3143925666809082,-9.975252151489258,13.560876846313477
5,265.358,backbone.vision_backbone.position_encoding,PositionEmbeddingSine,Image Encoder (Pos Enc),image,image_encoder,,output,0,tensor,1x256x144x144,float32,cuda:0,False,0.49492013454437256,0.5050288438796997,-1.0,1.0
6,266.756,backbone.vision_backbone.position_encoding,PositionEmbeddingSine,Image Encoder (Pos Enc),image,image_encoder,,input,0,[0],1x256x72x72,float32,cuda:0,False,-0.011794439516961575,0.7239624857902527,-5.2886552810668945,5.8151397705078125
7,267.280,backbone.vision_backbone.position_encoding,PositionEmbeddingSine,Image Encoder (Pos Enc),image,image_encoder,,output,0,tensor,1x256x72x72,float32,cuda:0,False,0.4947257339954376,0.5052193999290466,-1.0,1.0
8,268.878,backbone.vision_backbone.position_encoding,PositionEmbeddingSine,Image Encoder (Pos Enc),image,image_encoder,,input,0,[0],1x256x36x36,float32,cuda:0,False,-0.008984481915831566,0.4405272603034973,-1.8769439458847046,2.1993842124938965
9,269.435,backbone.vision_backbone.position_encoding,PositionEmbeddingSine,Image Encoder (Pos Enc),image,image_encoder,,output,0,tensor,1x256x36x36,float32,cuda:0,False,0.49432867765426636,0.5056084990501404,-1.0,1.0
10,293.248,backbone.language_backbone.encoder,TextTransformer,Text Encoder,text,text_encoder,,input,0,[0],1x32,int64,cuda:0,False,,,,
11,307.332,backbone.language_backbone.encoder,TextTransformer,Text Encoder,text,text_encoder,,output,0,[0],1x32x512,float32,cuda:0,False,1.4117894656884736e+16,inf,-8.479292935920157e+18,1.4225745322956554e+19
11,307.332,backbone.language_backbone.encoder,TextTransformer,Text Encoder,text,text_encoder,,output,1,[1],1x32x1024,float32,cuda:0,False,-0.1570606529712677,1.5503113269805908,-53.521854400634766,6.320244789123535
12,307.808,backbone.language_backbone.resizer,Linear,Text Encoder (Resizer),text,text_encoder,,input,0,[0],32x1x1024,float32,cuda:0,False,-0.1570606529712677,1.5503113269805908,-53.521854400634766,6.320244789123535
13,307.970,backbone.language_backbone.resizer,Linear,Text Encoder (Resizer),text,text_encoder,,output,0,tensor,32x1x256,float32,cuda:0,False,0.08121848851442337,1.1157820224761963,-4.399412155151367,5.208267688751221
14,308.070,backbone.language_backbone,VETextEncoder,Text Encoder,text,text_encoder,,output,0,[0],1x32,bool,cuda:0,False,,,,
14,308.070,backbone.language_backbone,VETextEncoder,Text Encoder,text,text_encoder,,output,1,[1],32x1x256,float32,cuda:0,False,0.08121848851442337,1.1157820224761963,-4.399412155151367,5.208267688751221
14,308.070,backbone.language_backbone,VETextEncoder,Text Encoder,text,text_encoder,,output,2,[2],32x1x1024,float32,cuda:0,False,-5.656502617057413e-05,0.0308631993830204,-1.645194172859192,1.28462553024292
15,314.436,geometry_encoder.img_pre_norm,LayerNorm,Geometry Prompt Encoder,prompt_geom,prompt_encoder,,input,0,[0],5184x1x256,float32,cuda:0,False,-0.011794439516961575,0.7239624857902527,-5.2886552810668945,5.8151397705078125
16,314.667,geometry_encoder.img_pre_norm,LayerNorm,Geometry Prompt Encoder,prompt_geom,prompt_encoder,,output,0,tensor,5184x1x256,float32,cuda:0,False,0.0035304678604006767,0.9977405071258545,-7.8398118019104,8.177238464355469
17,314.825,geometry_encoder.points_direct_project,Linear,Geometry Prompt Encoder,prompt_geom,prompt_encoder,,input,0,[0],0x1x2,float32,cuda:0,False,,,,
18,314.842,geometry_encoder.points_direct_project,Linear,Geometry Prompt Encoder,prompt_geom,prompt_encoder,,output,0,tensor,0x1x256,float32,cuda:0,False,,,,
19,314.929,geometry_encoder.points_pool_project,Linear,Geometry Prompt Encoder,prompt_geom,prompt_encoder,,input,0,[0],0x1x256,float32,cuda:0,False,,,,
20,314.938,geometry_encoder.points_pool_project,Linear,Geometry Prompt Encoder,prompt_geom,prompt_encoder,,output,0,tensor,0x1x256,float32,cuda:0,False,,,,
21,315.155,geometry_encoder.points_pos_enc_project,Linear,Geometry Prompt Encoder,prompt_geom,prompt_encoder,,input,0,[0],0x1x256,float32,cuda:0,False,,,,
22,315.165,geometry_encoder.points_pos_enc_project,Linear,Geometry Prompt Encoder,prompt_geom,prompt_encoder,,output,0,tensor,0x1x256,float32,cuda:0,False,,,,
23,315.181,geometry_encoder.label_embed,Embedding,Geometry Prompt Encoder,prompt_geom,prompt_encoder,,input,0,[0],0x1,int64,cuda:0,False,,,,
24,315.207,geometry_encoder.label_embed,Embedding,Geometry Prompt Encoder,prompt_geom,prompt_encoder,,output,0,tensor,0x1x256,float32,cuda:0,False,,,,
25,315.220,geometry_encoder.boxes_direct_project,Linear,Geometry Prompt Encoder,prompt_geom,prompt_encoder,,input,0,[0],0x1x4,float32,cuda:0,False,,,,
26,315.228,geometry_encoder.boxes_direct_project,Linear,Geometry Prompt Encoder,prompt_geom,prompt_encoder,,output,0,tensor,0x1x256,float32,cuda:0,False,,,,
27,315.576,geometry_encoder.boxes_pool_project,Conv2d,Geometry Prompt Encoder,prompt_geom,prompt_encoder,,input,0,[0],0x256x7x7,float32,cuda:0,False,,,,
28,315.621,geometry_encoder.boxes_pool_project,Conv2d,Geometry Prompt Encoder,prompt_geom,prompt_encoder,,output,0,tensor,0x256x1x1,float32,cuda:0,False,,,,
29,315.817,geometry_encoder.boxes_pos_enc_project,Linear,Geometry Prompt Encoder,prompt_geom,prompt_encoder,,input,0,[0],0x1x258,float32,cuda:0,False,,,,
30,315.828,geometry_encoder.boxes_pos_enc_project,Linear,Geometry Prompt Encoder,prompt_geom,prompt_encoder,,output,0,tensor,0x1x256,float32,cuda:0,False,,,,
31,315.838,geometry_encoder.label_embed,Embedding,Geometry Prompt Encoder,prompt_geom,prompt_encoder,,input,0,[0],0x1,int64,cuda:0,False,,,,
32,315.848,geometry_encoder.label_embed,Embedding,Geometry Prompt Encoder,prompt_geom,prompt_encoder,,output,0,tensor,0x1x256,float32,cuda:0,False,,,,
33,340.444,geometry_encoder.final_proj,Linear,Geometry Prompt Encoder,prompt_geom,prompt_encoder,,input,0,[0],1x1x256,float32,cuda:0,False,-0.00229825172573328,0.1017666682600975,-0.27307623624801636,0.29159411787986755
34,342.580,geometry_encoder.final_proj,Linear,Geometry Prompt Encoder,prompt_geom,prompt_encoder,,output,0,tensor,1x1x256,float32,cuda:0,False,-0.0011771139688789845,0.16428185999393463,-1.26234769821167,1.6677899360656738
35,342.721,geometry_encoder.norm,LayerNorm,Geometry Prompt Encoder,prompt_geom,prompt_encoder,,input,0,[0],1x1x256,float32,cuda:0,False,-0.0011771139688789845,0.16428185999393463,-1.26234769821167,1.6677899360656738
36,342.838,geometry_encoder.norm,LayerNorm,Geometry Prompt Encoder,prompt_geom,prompt_encoder,,output,0,tensor,1x1x256,float32,cuda:0,False,0.02138931304216385,1.7826159000396729,-13.024720191955566,21.650314331054688
37,347.590,geometry_encoder.encode_norm,LayerNorm,Geometry Prompt Encoder,prompt_geom,prompt_encoder,,input,0,[0],1x1x256,float32,cuda:0,False,0.02333708107471466,1.6590906381607056,-12.170638084411621,19.230667114257812
38,347.747,geometry_encoder.encode_norm,LayerNorm,Geometry Prompt Encoder,prompt_geom,prompt_encoder,,output,0,tensor,1x1x256,float32,cuda:0,False,-0.005063887685537338,0.9334384202957153,-6.42909574508667,10.193608283996582
39,347.842,geometry_encoder,SequenceGeometryEncoder,Geometry Prompt Encoder,prompt_geom,prompt_encoder,,output,0,[0],1x1x256,float32,cuda:0,False,-0.005063887685537338,0.9334384202957153,-6.42909574508667,10.193608283996582
39,347.842,geometry_encoder,SequenceGeometryEncoder,Geometry Prompt Encoder,prompt_geom,prompt_encoder,,output,1,[1],1x1,bool,cuda:0,False,,,,
40,353.979,transformer.encoder.layers.0.self_attn,MultiheadAttentionWrapper,Multimodal Decoder Self-Attention,fused,multimodal_decoder,0,input,0,[0],1x5184x256,float32,cuda:0,False,0.4859410524368286,0.9036470651626587,-4.789548873901367,6.050868034362793
40,353.979,transformer.encoder.layers.0.self_attn,MultiheadAttentionWrapper,Multimodal Decoder Self-Attention,fused,multimodal_decoder,0,input,1,[1],1x5184x256,float32,cuda:0,False,0.4859410524368286,0.9036470651626587,-4.789548873901367,6.050868034362793
41,355.132,transformer.encoder.layers.0.self_attn,MultiheadAttentionWrapper,Multimodal Decoder Self-Attention,fused,multimodal_decoder,0,output,0,[0],1x5184x256,float32,cuda:0,False,0.0006378925172612071,0.0787377581000328,-0.49534404277801514,0.5322645306587219
41,355.132,transformer.encoder.layers.0.self_attn,MultiheadAttentionWrapper,Multimodal Decoder Self-Attention,fused,multimodal_decoder,0,output,1,[1],1x8x5184x5184,float32,cuda:0,False,0.0001929012214532122,0.00039682118222117424,3.4842426543946203e-07,0.05714698135852814
42,367.689,transformer.encoder.layers.0.cross_attn_image,MultiheadAttentionWrapper,Multimodal Decoder Cross-Attention to Image,fused,multimodal_decoder,0,output,0,[0],1x5184x256,float32,cuda:0,False,-0.001519433339126408,0.29305920004844666,-1.6668390035629272,2.043583393096924
42,367.689,transformer.encoder.layers.0.cross_attn_image,MultiheadAttentionWrapper,Multimodal Decoder Cross-Attention to Image,fused,multimodal_decoder,0,output,1,[1],1x8x5184x33,float32,cuda:0,False,0.03030303120613098,0.10162810236215591,0.0,0.9988142251968384
43,368.128,transformer.encoder.layers.0,TransformerEncoderLayer,Multimodal Decoder Layer,fused,multimodal_decoder,0,output,0,tensor,1x5184x256,float32,cuda:0,False,-0.007784283719956875,0.7984211444854736,-6.556944847106934,5.676058292388916
44,368.504,transformer.encoder.layers.1.self_attn,MultiheadAttentionWrapper,Multimodal Decoder Self-Attention,fused,multimodal_decoder,1,input,0,[0],1x5184x256,float32,cuda:0,False,0.46148738265037537,1.1671699285507202,-6.039853096008301,6.71134614944458
44,368.504,transformer.encoder.layers.1.self_attn,MultiheadAttentionWrapper,Multimodal Decoder Self-Attention,fused,multimodal_decoder,1,input,1,[1],1x5184x256,float32,cuda:0,False,0.46148738265037537,1.1671699285507202,-6.039853096008301,6.71134614944458
45,368.893,transformer.encoder.layers.1.self_attn,MultiheadAttentionWrapper,Multimodal Decoder Self-Attention,fused,multimodal_decoder,1,output,0,[0],1x5184x256,float32,cuda:0,False,-0.007105561904609203,0.3008326292037964,-1.535061240196228,1.291634202003479
45,368.893,transformer.encoder.layers.1.self_attn,MultiheadAttentionWrapper,Multimodal Decoder Self-Attention,fused,multimodal_decoder,1,output,1,[1],1x8x5184x5184,float32,cuda:0,False,0.0001929012214532122,0.0010924029629677534,6.492667731575197e-13,0.540729284286499
46,381.360,transformer.encoder.layers.1.cross_attn_image,MultiheadAttentionWrapper,Multimodal Decoder Cross-Attention to Image,fused,multimodal_decoder,1,output,0,[0],1x5184x256,float32,cuda:0,False,-0.0020700031891465187,0.10771199315786362,-0.7347812652587891,0.7919848561286926
46,381.360,transformer.encoder.layers.1.cross_attn_image,MultiheadAttentionWrapper,Multimodal Decoder Cross-Attention to Image,fused,multimodal_decoder,1,output,1,[1],1x8x5184x33,float32,cuda:0,False,0.03030303120613098,0.11947976052761078,0.0,0.9841331243515015
47,381.740,transformer.encoder.layers.1,TransformerEncoderLayer,Multimodal Decoder Layer,fused,multimodal_decoder,1,output,0,tensor,1x5184x256,float32,cuda:0,False,-0.015470519661903381,0.8553357720375061,-8.530921936035156,5.129322052001953
48,382.122,transformer.encoder.layers.2.self_attn,MultiheadAttentionWrapper,Multimodal Decoder Self-Attention,fused,multimodal_decoder,2,input,0,[0],1x5184x256,float32,cuda:0,False,0.4582586884498596,1.0362845659255981,-5.066015720367432,5.629330635070801
48,382.122,transformer.encoder.layers.2.self_attn,MultiheadAttentionWrapper,Multimodal Decoder Self-Attention,fused,multimodal_decoder,2,input,1,[1],1x5184x256,float32,cuda:0,False,0.4582586884498596,1.0362845659255981,-5.066015720367432,5.629330635070801
49,382.510,transformer.encoder.layers.2.self_attn,MultiheadAttentionWrapper,Multimodal Decoder Self-Attention,fused,multimodal_decoder,2,output,0,[0],1x5184x256,float32,cuda:0,False,0.0031124353408813477,0.2584666311740875,-1.3424571752548218,1.511707067489624
49,382.510,transformer.encoder.layers.2.self_attn,MultiheadAttentionWrapper,Multimodal Decoder Self-Attention,fused,multimodal_decoder,2,output,1,[1],1x8x5184x5184,float32,cuda:0,False,0.0001929012214532122,0.0006587315001524985,6.817738105839577e-13,0.15057538449764252
50,394.919,transformer.encoder.layers.2.cross_attn_image,MultiheadAttentionWrapper,Multimodal Decoder Cross-Attention to Image,fused,multimodal_decoder,2,output,0,[0],1x5184x256,float32,cuda:0,False,0.0002884446003008634,0.06757677346467972,-0.6612646579742432,0.5266841650009155
50,394.919,transformer.encoder.layers.2.cross_attn_image,MultiheadAttentionWrapper,Multimodal Decoder Cross-Attention to Image,fused,multimodal_decoder,2,output,1,[1],1x8x5184x33,float32,cuda:0,False,0.03030303120613098,0.13713034987449646,0.0,0.9952432513237
51,395.279,transformer.encoder.layers.2,TransformerEncoderLayer,Multimodal Decoder Layer,fused,multimodal_decoder,2,output,0,tensor,1x5184x256,float32,cuda:0,False,-0.016431346535682678,0.9908032417297363,-10.207959175109863,5.392398357391357
52,395.666,transformer.encoder.layers.3.self_attn,MultiheadAttentionWrapper,Multimodal Decoder Self-Attention,fused,multimodal_decoder,3,input,0,[0],1x5184x256,float32,cuda:0,False,0.4540832042694092,1.246372103691101,-7.817478656768799,6.233414173126221
52,395.666,transformer.encoder.layers.3.self_attn,MultiheadAttentionWrapper,Multimodal Decoder Self-Attention,fused,multimodal_decoder,3,input,1,[1],1x5184x256,float32,cuda:0,False,0.4540832042694092,1.246372103691101,-7.817478656768799,6.233414173126221
53,396.046,transformer.encoder.layers.3.self_attn,MultiheadAttentionWrapper,Multimodal Decoder Self-Attention,fused,multimodal_decoder,3,output,0,[0],1x5184x256,float32,cuda:0,False,-0.00045028061140328646,0.40978333353996277,-1.7940599918365479,1.8490118980407715
53,396.046,transformer.encoder.layers.3.self_attn,MultiheadAttentionWrapper,Multimodal Decoder Self-Attention,fused,multimodal_decoder,3,output,1,[1],1x8x5184x5184,float32,cuda:0,False,0.0001929012214532122,0.0009610114502720535,7.463852102088738e-16,0.3497254252433777
54,408.476,transformer.encoder.layers.3.cross_attn_image,MultiheadAttentionWrapper,Multimodal Decoder Cross-Attention to Image,fused,multimodal_decoder,3,output,0,[0],1x5184x256,float32,cuda:0,False,-0.0013645172584801912,0.08211881667375565,-0.674995481967926,0.3551081717014313
54,408.476,transformer.encoder.layers.3.cross_attn_image,MultiheadAttentionWrapper,Multimodal Decoder Cross-Attention to Image,fused,multimodal_decoder,3,output,1,[1],1x8x5184x33,float32,cuda:0,False,0.03030303120613098,0.1298517882823944,0.0,0.9895560145378113
55,408.846,transformer.encoder.layers.3,TransformerEncoderLayer,Multimodal Decoder Layer,fused,multimodal_decoder,3,output,0,tensor,1x5184x256,float32,cuda:0,False,-0.03143966197967529,1.328201174736023,-12.732126235961914,7.06268310546875
56,409.225,transformer.encoder.layers.4.self_attn,MultiheadAttentionWrapper,Multimodal Decoder Self-Attention,fused,multimodal_decoder,4,input,0,[0],1x5184x256,float32,cuda:0,False,0.43201184272766113,1.1288845539093018,-5.9322428703308105,5.643655776977539
56,409.225,transformer.encoder.layers.4.self_attn,MultiheadAttentionWrapper,Multimodal Decoder Self-Attention,fused,multimodal_decoder,4,input,1,[1],1x5184x256,float32,cuda:0,False,0.43201184272766113,1.1288845539093018,-5.9322428703308105,5.643655776977539
57,409.613,transformer.encoder.layers.4.self_attn,MultiheadAttentionWrapper,Multimodal Decoder Self-Attention,fused,multimodal_decoder,4,output,0,[0],1x5184x256,float32,cuda:0,False,-0.002321474254131317,0.5014733672142029,-2.3792672157287598,2.3933444023132324
57,409.613,transformer.encoder.layers.4.self_attn,MultiheadAttentionWrapper,Multimodal Decoder Self-Attention,fused,multimodal_decoder,4,output,1,[1],1x8x5184x5184,float32,cuda:0,False,0.0001929012214532122,0.000778871588408947,6.279755032794348e-18,0.2726594805717468
58,422.050,transformer.encoder.layers.4.cross_attn_image,MultiheadAttentionWrapper,Multimodal Decoder Cross-Attention to Image,fused,multimodal_decoder,4,output,0,[0],1x5184x256,float32,cuda:0,False,0.004819490946829319,0.07263513654470444,-0.9485239386558533,0.46335744857788086
58,422.050,transformer.encoder.layers.4.cross_attn_image,MultiheadAttentionWrapper,Multimodal Decoder Cross-Attention to Image,fused,multimodal_decoder,4,output,1,[1],1x8x5184x33,float32,cuda:0,False,0.03030303120613098,0.13919006288051605,0.0,0.9993749260902405
59,422.420,transformer.encoder.layers.4,TransformerEncoderLayer,Multimodal Decoder Layer,fused,multimodal_decoder,4,output,0,tensor,1x5184x256,float32,cuda:0,False,-0.05230901390314102,1.7485966682434082,-17.008176803588867,9.992902755737305
60,422.807,transformer.encoder.layers.5.self_attn,MultiheadAttentionWrapper,Multimodal Decoder Self-Attention,fused,multimodal_decoder,5,input,0,[0],1x5184x256,float32,cuda:0,False,0.44939079880714417,1.3722203969955444,-6.990163803100586,6.306741714477539
60,422.807,transformer.encoder.layers.5.self_attn,MultiheadAttentionWrapper,Multimodal Decoder Self-Attention,fused,multimodal_decoder,5,input,1,[1],1x5184x256,float32,cuda:0,False,0.44939079880714417,1.3722203969955444,-6.990163803100586,6.306741714477539
61,423.176,transformer.encoder.layers.5.self_attn,MultiheadAttentionWrapper,Multimodal Decoder Self-Attention,fused,multimodal_decoder,5,output,0,[0],1x5184x256,float32,cuda:0,False,-0.007931387983262539,0.566477358341217,-2.8489129543304443,2.418734550476074
61,423.176,transformer.encoder.layers.5.self_attn,MultiheadAttentionWrapper,Multimodal Decoder Self-Attention,fused,multimodal_decoder,5,output,1,[1],1x8x5184x5184,float32,cuda:0,False,0.0001929012214532122,0.0009567490196786821,3.8686853547160805e-21,0.29143285751342773
62,435.624,transformer.encoder.layers.5.cross_attn_image,MultiheadAttentionWrapper,Multimodal Decoder Cross-Attention to Image,fused,multimodal_decoder,5,output,0,[0],1x5184x256,float32,cuda:0,False,0.0015899821883067489,0.088533416390419,-0.877286434173584,0.6596665382385254
62,435.624,transformer.encoder.layers.5.cross_attn_image,MultiheadAttentionWrapper,Multimodal Decoder Cross-Attention to Image,fused,multimodal_decoder,5,output,1,[1],1x8x5184x33,float32,cuda:0,False,0.03030303120613098,0.1345224678516388,0.0,0.9996380805969238
63,435.984,transformer.encoder.layers.5,TransformerEncoderLayer,Multimodal Decoder Layer,fused,multimodal_decoder,5,output,0,tensor,1x5184x256,float32,cuda:0,False,-0.09102950990200043,2.2363574504852295,-21.730634689331055,11.061102867126465
64,436.341,transformer.encoder,TransformerEncoderFusion,Multimodal Decoder,fused,multimodal_decoder,,output,0,memory,5184x1x256,float32,cuda:0,False,-0.09102950990200043,2.2363574504852295,-21.730634689331055,11.061102867126465
64,436.341,transformer.encoder,TransformerEncoderFusion,Multimodal Decoder,fused,multimodal_decoder,,output,1,pos_embed,5184x1x256,float32,cuda:0,False,0.4947257339954376,0.5052193999290466,-1.0,1.0
64,436.341,transformer.encoder,TransformerEncoderFusion,Multimodal Decoder,fused,multimodal_decoder,,output,2,memory_text,33x1x256,float32,cuda:0,False,0.07860387861728668,1.1107478141784668,-6.42909574508667,10.193608283996582
64,436.341,transformer.encoder,TransformerEncoderFusion,Multimodal Decoder,fused,multimodal_decoder,,output,3,level_start_index,1,int64,cuda:0,False,,,,
64,436.341,transformer.encoder,TransformerEncoderFusion,Multimodal Decoder,fused,multimodal_decoder,,output,4,spatial_shapes,1x2,int64,cuda:0,False,,,,
64,436.341,transformer.encoder,TransformerEncoderFusion,Multimodal Decoder,fused,multimodal_decoder,,output,5,valid_ratios,1x1x2,float32,cuda:0,False,1.0,0.0,1.0,1.0
65,452.957,transformer.decoder.layers.0.self_attn,MultiheadAttention,Detector Decoder Self-Attention,detector_queries,detector_decoder,0,input,0,[0],201x1x256,float32,cuda:0,False,-0.1858619600534439,0.44849956035614014,-1.7731319665908813,1.7615110874176025
65,452.957,transformer.decoder.layers.0.self_attn,MultiheadAttention,Detector Decoder Self-Attention,detector_queries,detector_decoder,0,input,1,[1],201x1x256,float32,cuda:0,False,-0.1858619600534439,0.44849956035614014,-1.7731319665908813,1.7615110874176025
65,452.957,transformer.decoder.layers.0.self_attn,MultiheadAttention,Detector Decoder Self-Attention,detector_queries,detector_decoder,0,input,2,[2],201x1x256,float32,cuda:0,False,-0.0004204176948405802,0.1524280607700348,-0.6744294166564941,0.5923493504524231
66,453.818,transformer.decoder.layers.0.self_attn,MultiheadAttention,Detector Decoder Self-Attention,detector_queries,detector_decoder,0,output,0,[0],201x1x256,float32,cuda:0,False,0.0006597910542041063,0.07123763114213943,-0.32161545753479004,0.3001573979854584
66,453.818,transformer.decoder.layers.0.self_attn,MultiheadAttention,Detector Decoder Self-Attention,detector_queries,detector_decoder,0,output,1,[1],1x8x201x201,float32,cuda:0,False,0.004975124262273312,0.002562410430982709,0.0006091230316087604,0.06400220841169357
67,454.182,transformer.decoder.layers.0.ca_text,MultiheadAttention,Detector Decoder Cross-Attention to Text,detector_queries,detector_decoder,0,input,0,[0],201x1x256,float32,cuda:0,False,-0.19002825021743774,1.1240005493164062,-5.046471118927002,4.886139869689941
67,454.182,transformer.decoder.layers.0.ca_text,MultiheadAttention,Detector Decoder Cross-Attention to Text,detector_queries,detector_decoder,0,input,1,[1],33x1x256,float32,cuda:0,False,0.07860387861728668,1.1107478141784668,-6.42909574508667,10.193608283996582
67,454.182,transformer.decoder.layers.0.ca_text,MultiheadAttention,Detector Decoder Cross-Attention to Text,detector_queries,detector_decoder,0,input,2,[2],33x1x256,float32,cuda:0,False,0.07860387861728668,1.1107478141784668,-6.42909574508667,10.193608283996582
68,455.068,transformer.decoder.layers.0.ca_text,MultiheadAttention,Detector Decoder Cross-Attention to Text,detector_queries,detector_decoder,0,output,0,[0],201x1x256,float32,cuda:0,False,-0.0006577071617357433,0.14109991490840912,-1.5176302194595337,0.7896157503128052
68,455.068,transformer.decoder.layers.0.ca_text,MultiheadAttention,Detector Decoder Cross-Attention to Text,detector_queries,detector_decoder,0,output,1,[1],1x8x201x33,float32,cuda:0,False,0.03030303120613098,0.14362618327140808,0.0,0.9999845027923584
69,455.824,transformer.decoder.layers.0.cross_attn,MultiheadAttentionWrapper,Detector Decoder Cross-Attention to Image,detector_queries,detector_decoder,0,output,0,[0],201x1x256,float32,cuda:0,False,0.004534399602562189,0.9846600890159607,-6.260928630828857,5.820504665374756
69,455.824,transformer.decoder.layers.0.cross_attn,MultiheadAttentionWrapper,Detector Decoder Cross-Attention to Image,detector_queries,detector_decoder,0,output,1,[1],1x8x201x5184,float32,cuda:0,False,0.00019290123600512743,0.0035810547415167093,2.550363205071167e-43,0.9895239472389221
70,466.136,transformer.decoder.layers.0,TransformerDecoderLayer,Detector Decoder Layer,detector_queries,detector_decoder,0,output,0,[0],200x1x256,float32,cuda:0,False,-0.0020328473765403032,1.0231882333755493,-4.826035499572754,4.825829029083252
70,466.136,transformer.decoder.layers.0,TransformerDecoderLayer,Detector Decoder Layer,detector_queries,detector_decoder,0,output,1,[1],1x1x256,float32,cuda:0,False,0.002943962812423706,1.0220062732696533,-2.948918104171753,3.143258810043335
71,466.634,transformer.decoder.bbox_embed,MLP,Box Head,final_outputs,heads,,input,0,[0],200x1x256,float32,cuda:0,False,-0.006091892719268799,1.0485113859176636,-5.293980121612549,5.706774711608887
72,466.854,transformer.decoder.bbox_embed,MLP,Box Head,final_outputs,heads,,output,0,tensor,200x1x4,float32,cuda:0,False,-0.8745896220207214,1.1589857339859009,-3.5752766132354736,2.960249423980713
73,468.028,transformer.decoder.layers.1.self_attn,MultiheadAttention,Detector Decoder Self-Attention,detector_queries,detector_decoder,1,input,0,[0],201x1x256,float32,cuda:0,False,-0.07644690573215485,1.114098310470581,-5.4427642822265625,5.289842128753662
73,468.028,transformer.decoder.layers.1.self_attn,MultiheadAttention,Detector Decoder Self-Attention,detector_queries,detector_decoder,1,input,1,[1],201x1x256,float32,cuda:0,False,-0.07644690573215485,1.114098310470581,-5.4427642822265625,5.289842128753662
73,468.028,transformer.decoder.layers.1.self_attn,MultiheadAttention,Detector Decoder Self-Attention,detector_queries,detector_decoder,1,input,2,[2],201x1x256,float32,cuda:0,False,-0.002008089330047369,1.0231724977493286,-4.826035499572754,4.825829029083252
74,468.583,transformer.decoder.layers.1.self_attn,MultiheadAttention,Detector Decoder Self-Attention,detector_queries,detector_decoder,1,output,0,[0],201x1x256,float32,cuda:0,False,0.008744895458221436,0.49112263321876526,-2.3127710819244385,2.778489351272583
74,468.583,transformer.decoder.layers.1.self_attn,MultiheadAttention,Detector Decoder Self-Attention,detector_queries,detector_decoder,1,output,1,[1],1x8x201x201,float32,cuda:0,False,0.004975124262273312,0.02238493040204048,1.3550586886408098e-22,0.9999979734420776
75,468.904,transformer.decoder.layers.1.ca_text,MultiheadAttention,Detector Decoder Cross-Attention to Text,detector_queries,detector_decoder,1,input,0,[0],201x1x256,float32,cuda:0,False,-0.08590120822191238,1.0971657037734985,-7.059648513793945,5.714599132537842
75,468.904,transformer.decoder.layers.1.ca_text,MultiheadAttention,Detector Decoder Cross-Attention to Text,detector_queries,detector_decoder,1,input,1,[1],33x1x256,float32,cuda:0,False,0.07860387861728668,1.1107478141784668,-6.42909574508667,10.193608283996582
75,468.904,transformer.decoder.layers.1.ca_text,MultiheadAttention,Detector Decoder Cross-Attention to Text,detector_queries,detector_decoder,1,input,2,[2],33x1x256,float32,cuda:0,False,0.07860387861728668,1.1107478141784668,-6.42909574508667,10.193608283996582
76,469.395,transformer.decoder.layers.1.ca_text,MultiheadAttention,Detector Decoder Cross-Attention to Text,detector_queries,detector_decoder,1,output,0,[0],201x1x256,float32,cuda:0,False,4.688320404966362e-05,0.24822431802749634,-5.039778709411621,3.2676355838775635
76,469.395,transformer.decoder.layers.1.ca_text,MultiheadAttention,Detector Decoder Cross-Attention to Text,detector_queries,detector_decoder,1,output,1,[1],1x8x201x33,float32,cuda:0,False,0.03030303120613098,0.14561642706394196,0.0,0.9999822378158569
77,469.972,transformer.decoder.layers.1.cross_attn,MultiheadAttentionWrapper,Detector Decoder Cross-Attention to Image,detector_queries,detector_decoder,1,output,0,[0],201x1x256,float32,cuda:0,False,-0.0048639215528965,0.6348103284835815,-4.007609844207764,3.0803542137145996
77,469.972,transformer.decoder.layers.1.cross_attn,MultiheadAttentionWrapper,Detector Decoder Cross-Attention to Image,detector_queries,detector_decoder,1,output,1,[1],1x8x201x5184,float32,cuda:0,False,0.00019290123600512743,0.0020572864450514317,3.1269916170743715e-28,0.5530712008476257
78,480.326,transformer.decoder.layers.1,TransformerDecoderLayer,Detector Decoder Layer,detector_queries,detector_decoder,1,output,0,[0],200x1x256,float32,cuda:0,False,0.0006135916337370872,1.0119222402572632,-5.948177814483643,6.567689418792725
78,480.326,transformer.decoder.layers.1,TransformerDecoderLayer,Detector Decoder Layer,detector_queries,detector_decoder,1,output,1,[1],1x1x256,float32,cuda:0,False,-0.0026359576731920242,1.0342012643814087,-3.5418572425842285,5.594942092895508
79,480.704,transformer.decoder.bbox_embed,MLP,Box Head,final_outputs,heads,,input,0,[0],200x1x256,float32,cuda:0,False,-0.011676921509206295,1.015315055847168,-6.045374393463135,5.971958160400391
80,480.910,transformer.decoder.bbox_embed,MLP,Box Head,final_outputs,heads,,output,0,tensor,200x1x4,float32,cuda:0,False,-0.06997482478618622,0.17489290237426758,-0.7580538988113403,0.4792662262916565
81,481.926,transformer.decoder.layers.2.self_attn,MultiheadAttention,Detector Decoder Self-Attention,detector_queries,detector_decoder,2,input,0,[0],201x1x256,float32,cuda:0,False,-0.06507465243339539,1.1163171529769897,-6.700263500213623,6.675826549530029
81,481.926,transformer.decoder.layers.2.self_attn,MultiheadAttention,Detector Decoder Self-Attention,detector_queries,detector_decoder,2,input,1,[1],201x1x256,float32,cuda:0,False,-0.06507465243339539,1.1163171529769897,-6.700263500213623,6.675826549530029
81,481.926,transformer.decoder.layers.2.self_attn,MultiheadAttention,Detector Decoder Self-Attention,detector_queries,detector_decoder,2,input,2,[2],201x1x256,float32,cuda:0,False,0.0005974348168820143,1.01202392578125,-5.948177814483643,6.567689418792725
82,482.467,transformer.decoder.layers.2.self_attn,MultiheadAttention,Detector Decoder Self-Attention,detector_queries,detector_decoder,2,output,0,[0],201x1x256,float32,cuda:0,False,0.006453917361795902,0.3925766944885254,-1.672735333442688,1.7285993099212646
82,482.467,transformer.decoder.layers.2.self_attn,MultiheadAttention,Detector Decoder Self-Attention,detector_queries,detector_decoder,2,output,1,[1],1x8x201x201,float32,cuda:0,False,0.004975124262273312,0.02298884093761444,8.266436270127265e-34,1.0
83,482.794,transformer.decoder.layers.2.ca_text,MultiheadAttention,Detector Decoder Cross-Attention to Text,detector_queries,detector_decoder,2,input,0,[0],201x1x256,float32,cuda:0,False,-0.07037660479545593,1.1643933057785034,-8.832998275756836,8.391610145568848
83,482.794,transformer.decoder.layers.2.ca_text,MultiheadAttention,Detector Decoder Cross-Attention to Text,detector_queries,detector_decoder,2,input,1,[1],33x1x256,float32,cuda:0,False,0.07860387861728668,1.1107478141784668,-6.42909574508667,10.193608283996582
83,482.794,transformer.decoder.layers.2.ca_text,MultiheadAttention,Detector Decoder Cross-Attention to Text,detector_queries,detector_decoder,2,input,2,[2],33x1x256,float32,cuda:0,False,0.07860387861728668,1.1107478141784668,-6.42909574508667,10.193608283996582
84,483.273,transformer.decoder.layers.2.ca_text,MultiheadAttention,Detector Decoder Cross-Attention to Text,detector_queries,detector_decoder,2,output,0,[0],201x1x256,float32,cuda:0,False,0.0010184678249061108,0.182358980178833,-2.209433078765869,2.462261915206909
84,483.273,transformer.decoder.layers.2.ca_text,MultiheadAttention,Detector Decoder Cross-Attention to Text,detector_queries,detector_decoder,2,output,1,[1],1x8x201x33,float32,cuda:0,False,0.03030303120613098,0.14262312650680542,0.0,0.9999983310699463
85,483.856,transformer.decoder.layers.2.cross_attn,MultiheadAttentionWrapper,Detector Decoder Cross-Attention to Image,detector_queries,detector_decoder,2,output,0,[0],201x1x256,float32,cuda:0,False,-0.017018882557749748,0.46459493041038513,-2.5249085426330566,2.0380361080169678
85,483.856,transformer.decoder.layers.2.cross_attn,MultiheadAttentionWrapper,Detector Decoder Cross-Attention to Image,detector_queries,detector_decoder,2,output,1,[1],1x8x201x5184,float32,cuda:0,False,0.00019290123600512743,0.002070216927677393,3.344740717242161e-30,0.4791931211948395
86,494.102,transformer.decoder.layers.2,TransformerDecoderLayer,Detector Decoder Layer,detector_queries,detector_decoder,2,output,0,[0],200x1x256,float32,cuda:0,False,0.015885893255472183,1.0260727405548096,-6.507811069488525,6.199829578399658
86,494.102,transformer.decoder.layers.2,TransformerDecoderLayer,Detector Decoder Layer,detector_queries,detector_decoder,2,output,1,[1],1x1x256,float32,cuda:0,False,0.0116204172372818,1.0446670055389404,-5.190188407897949,4.870338439941406
87,494.475,transformer.decoder.bbox_embed,MLP,Box Head,final_outputs,heads,,input,0,[0],200x1x256,float32,cuda:0,False,-0.012911559082567692,1.015075445175171,-5.351451873779297,6.464719295501709
88,494.681,transformer.decoder.bbox_embed,MLP,Box Head,final_outputs,heads,,output,0,tensor,200x1x4,float32,cuda:0,False,-0.08987268060445786,0.18533159792423248,-1.0044852495193481,0.4461461901664734
89,495.667,transformer.decoder.layers.3.self_attn,MultiheadAttention,Detector Decoder Self-Attention,detector_queries,detector_decoder,3,input,0,[0],201x1x256,float32,cuda:0,False,-0.03982184827327728,1.1271964311599731,-6.9889349937438965,6.328497409820557
89,495.667,transformer.decoder.layers.3.self_attn,MultiheadAttention,Detector Decoder Self-Attention,detector_queries,detector_decoder,3,input,1,[1],201x1x256,float32,cuda:0,False,-0.03982184827327728,1.1271964311599731,-6.9889349937438965,6.328497409820557
89,495.667,transformer.decoder.layers.3.self_attn,MultiheadAttention,Detector Decoder Self-Attention,detector_queries,detector_decoder,3,input,2,[2],201x1x256,float32,cuda:0,False,0.015864675864577293,1.0261558294296265,-6.507811069488525,6.199829578399658
90,496.211,transformer.decoder.layers.3.self_attn,MultiheadAttention,Detector Decoder Self-Attention,detector_queries,detector_decoder,3,output,0,[0],201x1x256,float32,cuda:0,False,0.003123464761301875,0.29529640078544617,-1.6807373762130737,1.5507513284683228
90,496.211,transformer.decoder.layers.3.self_attn,MultiheadAttention,Detector Decoder Self-Attention,detector_queries,detector_decoder,3,output,1,[1],1x8x201x201,float32,cuda:0,False,0.004975124262273312,0.02552749402821064,3.7124672423755456e-27,1.0
91,496.524,transformer.decoder.layers.3.ca_text,MultiheadAttention,Detector Decoder Cross-Attention to Text,detector_queries,detector_decoder,3,input,0,[0],201x1x256,float32,cuda:0,False,-0.06310408562421799,1.1627166271209717,-10.676244735717773,8.098041534423828
91,496.524,transformer.decoder.layers.3.ca_text,MultiheadAttention,Detector Decoder Cross-Attention to Text,detector_queries,detector_decoder,3,input,1,[1],33x1x256,float32,cuda:0,False,0.07860387861728668,1.1107478141784668,-6.42909574508667,10.193608283996582
91,496.524,transformer.decoder.layers.3.ca_text,MultiheadAttention,Detector Decoder Cross-Attention to Text,detector_queries,detector_decoder,3,input,2,[2],33x1x256,float32,cuda:0,False,0.07860387861728668,1.1107478141784668,-6.42909574508667,10.193608283996582
92,497.015,transformer.decoder.layers.3.ca_text,MultiheadAttention,Detector Decoder Cross-Attention to Text,detector_queries,detector_decoder,3,output,0,[0],201x1x256,float32,cuda:0,False,0.00019202911062166095,0.1418781578540802,-1.2288795709609985,1.7693407535552979
92,497.015,transformer.decoder.layers.3.ca_text,MultiheadAttention,Detector Decoder Cross-Attention to Text,detector_queries,detector_decoder,3,output,1,[1],1x8x201x33,float32,cuda:0,False,0.03030303120613098,0.14752283692359924,0.0,0.9999908208847046
93,497.589,transformer.decoder.layers.3.cross_attn,MultiheadAttentionWrapper,Detector Decoder Cross-Attention to Image,detector_queries,detector_decoder,3,output,0,[0],201x1x256,float32,cuda:0,False,0.015208618715405464,0.4911734461784363,-2.026339292526245,1.8931171894073486
93,497.589,transformer.decoder.layers.3.cross_attn,MultiheadAttentionWrapper,Detector Decoder Cross-Attention to Image,detector_queries,detector_decoder,3,output,1,[1],1x8x201x5184,float32,cuda:0,False,0.00019290123600512743,0.0024878280237317085,1.1453901755965989e-31,0.5397687554359436
94,507.539,transformer.decoder.layers.3,TransformerDecoderLayer,Detector Decoder Layer,detector_queries,detector_decoder,3,output,0,[0],200x1x256,float32,cuda:0,False,-0.036365799605846405,1.0602022409439087,-6.863040924072266,5.623559951782227
94,507.539,transformer.decoder.layers.3,TransformerDecoderLayer,Detector Decoder Layer,detector_queries,detector_decoder,3,output,1,[1],1x1x256,float32,cuda:0,False,-0.03896965831518173,1.095572590827942,-6.499390125274658,3.847724199295044
95,508.029,transformer.decoder.bbox_embed,MLP,Box Head,final_outputs,heads,,input,0,[0],200x1x256,float32,cuda:0,False,-0.014923064038157463,1.0295463800430298,-5.71733283996582,5.739702224731445
96,508.232,transformer.decoder.bbox_embed,MLP,Box Head,final_outputs,heads,,output,0,tensor,200x1x4,float32,cuda:0,False,-0.03458181023597717,0.16325144469738007,-1.4243016242980957,0.6318040490150452
97,509.240,transformer.decoder.layers.4.self_attn,MultiheadAttention,Detector Decoder Self-Attention,detector_queries,detector_decoder,4,input,0,[0],201x1x256,float32,cuda:0,False,-0.08810648322105408,1.1649707555770874,-7.458477973937988,5.561829090118408
97,509.240,transformer.decoder.layers.4.self_attn,MultiheadAttention,Detector Decoder Self-Attention,detector_queries,detector_decoder,4,input,1,[1],201x1x256,float32,cuda:0,False,-0.08810648322105408,1.1649707555770874,-7.458477973937988,5.561829090118408
97,509.240,transformer.decoder.layers.4.self_attn,MultiheadAttention,Detector Decoder Self-Attention,detector_queries,detector_decoder,4,input,2,[2],201x1x256,float32,cuda:0,False,-0.036378759890794754,1.0603702068328857,-6.863040924072266,5.623559951782227
98,509.793,transformer.decoder.layers.4.self_attn,MultiheadAttention,Detector Decoder Self-Attention,detector_queries,detector_decoder,4,output,0,[0],201x1x256,float32,cuda:0,False,0.004720582626760006,0.251763254404068,-1.2424107789993286,1.284250259399414
98,509.793,transformer.decoder.layers.4.self_attn,MultiheadAttention,Detector Decoder Self-Attention,detector_queries,detector_decoder,4,output,1,[1],1x8x201x201,float32,cuda:0,False,0.004975124262273312,0.01976385898888111,1.0919806877983775e-15,0.9999996423721313
99,511.021,transformer.decoder.layers.4.ca_text,MultiheadAttention,Detector Decoder Cross-Attention to Text,detector_queries,detector_decoder,4,input,0,[0],201x1x256,float32,cuda:0,False,-0.06404304504394531,1.1537724733352661,-10.065308570861816,5.827895641326904
99,511.021,transformer.decoder.layers.4.ca_text,MultiheadAttention,Detector Decoder Cross-Attention to Text,detector_queries,detector_decoder,4,input,1,[1],33x1x256,float32,cuda:0,False,0.07860387861728668,1.1107478141784668,-6.42909574508667,10.193608283996582
99,511.021,transformer.decoder.layers.4.ca_text,MultiheadAttention,Detector Decoder Cross-Attention to Text,detector_queries,detector_decoder,4,input,2,[2],33x1x256,float32,cuda:0,False,0.07860387861728668,1.1107478141784668,-6.42909574508667,10.193608283996582
100,511.527,transformer.decoder.layers.4.ca_text,MultiheadAttention,Detector Decoder Cross-Attention to Text,detector_queries,detector_decoder,4,output,0,[0],201x1x256,float32,cuda:0,False,0.003398637752979994,0.19884949922561646,-1.2858082056045532,1.2028815746307373
100,511.527,transformer.decoder.layers.4.ca_text,MultiheadAttention,Detector Decoder Cross-Attention to Text,detector_queries,detector_decoder,4,output,1,[1],1x8x201x33,float32,cuda:0,False,0.03030303120613098,0.1376953125,0.0,0.9997708201408386
101,512.103,transformer.decoder.layers.4.cross_attn,MultiheadAttentionWrapper,Detector Decoder Cross-Attention to Image,detector_queries,detector_decoder,4,output,0,[0],201x1x256,float32,cuda:0,False,0.0021958090364933014,0.3452128469944,-1.5982625484466553,1.3317636251449585
101,512.103,transformer.decoder.layers.4.cross_attn,MultiheadAttentionWrapper,Detector Decoder Cross-Attention to Image,detector_queries,detector_decoder,4,output,1,[1],1x8x201x5184,float32,cuda:0,False,0.00019290123600512743,0.0020327495876699686,1.0422963822936072e-31,0.5779787302017212
102,521.564,transformer.decoder.layers.4,TransformerDecoderLayer,Detector Decoder Layer,detector_queries,detector_decoder,4,output,0,[0],200x1x256,float32,cuda:0,False,0.000484118441818282,1.0482683181762695,-6.814104080200195,6.393701553344727
102,521.564,transformer.decoder.layers.4,TransformerDecoderLayer,Detector Decoder Layer,detector_queries,detector_decoder,4,output,1,[1],1x1x256,float32,cuda:0,False,-0.0028355345129966736,1.070043921470642,-5.779733657836914,3.7901105880737305
103,521.926,transformer.decoder.bbox_embed,MLP,Box Head,final_outputs,heads,,input,0,[0],200x1x256,float32,cuda:0,False,-0.013934089802205563,1.0282567739486694,-6.160296440124512,5.685171604156494
104,522.126,transformer.decoder.bbox_embed,MLP,Box Head,final_outputs,heads,,output,0,tensor,200x1x4,float32,cuda:0,False,-0.06151841953396797,0.149677112698555,-1.1203253269195557,0.6128430962562561
105,523.125,transformer.decoder.layers.5.self_attn,MultiheadAttention,Detector Decoder Self-Attention,detector_queries,detector_decoder,5,input,0,[0],201x1x256,float32,cuda:0,False,-0.046470437198877335,1.1419785022735596,-7.809052467346191,5.746645450592041
105,523.125,transformer.decoder.layers.5.self_attn,MultiheadAttention,Detector Decoder Self-Attention,detector_queries,detector_decoder,5,input,1,[1],201x1x256,float32,cuda:0,False,-0.046470437198877335,1.1419785022735596,-7.809052467346191,5.746645450592041
105,523.125,transformer.decoder.layers.5.self_attn,MultiheadAttention,Detector Decoder Self-Attention,detector_queries,detector_decoder,5,input,2,[2],201x1x256,float32,cuda:0,False,0.00046759931137785316,1.0483671426773071,-6.814104080200195,6.393701553344727
106,523.670,transformer.decoder.layers.5.self_attn,MultiheadAttention,Detector Decoder Self-Attention,detector_queries,detector_decoder,5,output,0,[0],201x1x256,float32,cuda:0,False,0.00936158373951912,0.26663655042648315,-2.5219438076019287,1.9837799072265625
106,523.670,transformer.decoder.layers.5.self_attn,MultiheadAttention,Detector Decoder Self-Attention,detector_queries,detector_decoder,5,output,1,[1],1x8x201x201,float32,cuda:0,False,0.004975124262273312,0.027695635333657265,1.7660484619846928e-12,0.9999716281890869
107,523.992,transformer.decoder.layers.5.ca_text,MultiheadAttention,Detector Decoder Cross-Attention to Text,detector_queries,detector_decoder,5,input,0,[0],201x1x256,float32,cuda:0,False,-0.04633314162492752,1.1108667850494385,-8.922940254211426,5.937206745147705
107,523.992,transformer.decoder.layers.5.ca_text,MultiheadAttention,Detector Decoder Cross-Attention to Text,detector_queries,detector_decoder,5,input,1,[1],33x1x256,float32,cuda:0,False,0.07860387861728668,1.1107478141784668,-6.42909574508667,10.193608283996582
107,523.992,transformer.decoder.layers.5.ca_text,MultiheadAttention,Detector Decoder Cross-Attention to Text,detector_queries,detector_decoder,5,input,2,[2],33x1x256,float32,cuda:0,False,0.07860387861728668,1.1107478141784668,-6.42909574508667,10.193608283996582
108,524.490,transformer.decoder.layers.5.ca_text,MultiheadAttention,Detector Decoder Cross-Attention to Text,detector_queries,detector_decoder,5,output,0,[0],201x1x256,float32,cuda:0,False,0.0002893666678573936,0.07822640985250473,-1.2978872060775757,1.7483456134796143
108,524.490,transformer.decoder.layers.5.ca_text,MultiheadAttention,Detector Decoder Cross-Attention to Text,detector_queries,detector_decoder,5,output,1,[1],1x8x201x33,float32,cuda:0,False,0.03030303120613098,0.14686642587184906,0.0,0.9982897639274597
109,525.050,transformer.decoder.layers.5.cross_attn,MultiheadAttentionWrapper,Detector Decoder Cross-Attention to Image,detector_queries,detector_decoder,5,output,0,[0],201x1x256,float32,cuda:0,False,-0.0003916469868272543,0.4262462854385376,-1.7754472494125366,1.9496476650238037
109,525.050,transformer.decoder.layers.5.cross_attn,MultiheadAttentionWrapper,Detector Decoder Cross-Attention to Image,detector_queries,detector_decoder,5,output,1,[1],1x8x201x5184,float32,cuda:0,False,0.00019290123600512743,0.0019805803894996643,4.758027983201895e-29,0.6219128966331482
110,534.426,transformer.decoder.layers.5,TransformerDecoderLayer,Detector Decoder Layer,detector_queries,detector_decoder,5,output,0,[0],200x1x256,float32,cuda:0,False,-0.004178566858172417,1.0049049854278564,-6.567898273468018,5.157515048980713
110,534.426,transformer.decoder.layers.5,TransformerDecoderLayer,Detector Decoder Layer,detector_queries,detector_decoder,5,output,1,[1],1x1x256,float32,cuda:0,False,-7.586181163787842e-05,1.0176706314086914,-3.7099804878234863,3.584933280944824
111,534.791,transformer.decoder.bbox_embed,MLP,Box Head,final_outputs,heads,,input,0,[0],200x1x256,float32,cuda:0,False,-0.011311807669699192,1.0297554731369019,-5.4224677085876465,5.422813892364502
112,534.990,transformer.decoder.bbox_embed,MLP,Box Head,final_outputs,heads,,output,0,tensor,200x1x4,float32,cuda:0,False,-0.009327804669737816,0.15676775574684143,-1.378220796585083,0.683970034122467
113,535.270,transformer.decoder,TransformerDecoder,Detector Decoder,detector_queries,detector_decoder,,output,0,[0],6x200x1x256,float32,cuda:0,False,-0.011808224022388458,1.0278000831604004,-6.160296440124512,6.464719295501709
113,535.270,transformer.decoder,TransformerDecoder,Detector Decoder,detector_queries,detector_decoder,,output,1,[1],6x200x1x4,float32,cuda:0,False,0.34436407685279846,0.2101198434829712,0.02243569865822792,0.959808886051178
113,535.270,transformer.decoder,TransformerDecoder,Detector Decoder,detector_queries,detector_decoder,,output,2,[2],6x1x1,float32,cuda:0,False,3.4430549144744873,0.2257513701915741,3.1327812671661377,3.7578768730163574
113,535.270,transformer.decoder,TransformerDecoder,Detector Decoder,detector_queries,detector_decoder,,output,3,[3],1x1x256,float32,cuda:0,False,-7.586181163787842e-05,1.0176706314086914,-3.7099804878234863,3.584933280944824
114,536.082,transformer.decoder.bbox_embed,MLP,Box Head,final_outputs,heads,,input,0,[0],6x1x200x256,float32,cuda:0,False,-0.011808224022388458,1.0278000831604004,-6.160296440124512,6.464719295501709
115,536.277,transformer.decoder.bbox_embed,MLP,Box Head,final_outputs,heads,,output,0,tensor,6x1x200x4,float32,cuda:0,False,-0.18997734785079956,0.5840636491775513,-3.5752761363983154,2.9602410793304443
116,537.346,segmentation_head.pixel_decoder,PixelDecoder,Pixel Decoder,pixel_features,segmentation,,input,0,[0][0],1x256x288x288,float32,cuda:0,False,-0.016558237373828888,0.02073587290942669,-0.2941204905509949,0.21765190362930298
116,537.346,segmentation_head.pixel_decoder,PixelDecoder,Pixel Decoder,pixel_features,segmentation,,input,1,[0][1],1x256x144x144,float32,cuda:0,False,0.005302513018250465,1.3143925666809082,-9.975252151489258,13.560876846313477
116,537.346,segmentation_head.pixel_decoder,PixelDecoder,Pixel Decoder,pixel_features,segmentation,,input,2,[0][2],1x256x72x72,float32,cuda:0,False,-0.08697433024644852,2.260589361190796,-20.82516860961914,10.253997802734375
117,551.317,segmentation_head.pixel_decoder,PixelDecoder,Pixel Decoder,pixel_features,segmentation,,output,0,tensor,1x256x288x288,float32,cuda:0,False,0.09115002304315567,0.20135453343391418,0.0,4.4126200675964355
118,556.106,segmentation_head.instance_seg_head,Conv2d,Mask Predictor,mask_head,segmentation,,input,0,[0],1x256x288x288,float32,cuda:0,False,0.09115002304315567,0.20135453343391418,0.0,4.4126200675964355
119,557.845,segmentation_head.instance_seg_head,Conv2d,Mask Predictor,mask_head,segmentation,,output,0,tensor,1x256x288x288,float32,cuda:0,False,-0.012041755951941013,0.196548730134964,-1.5083471536636353,1.2296178340911865
120,693.245,segmentation_head.semantic_seg_head,Conv2d,Semantic Head,semantic,segmentation,,input,0,[0],1x256x288x288,float32,cuda:0,False,0.09115002304315567,0.20135453343391418,0.0,4.4126200675964355
121,697.284,segmentation_head.semantic_seg_head,Conv2d,Semantic Head,semantic,segmentation,,output,0,tensor,1x1x288x288,float32,cuda:0,False,-1.7029507160186768,6.898452281951904,-26.42023277282715,10.090198516845703
122,697.625,segmentation_head,UniversalSegmentationHead,Segmentation Head,mask_head,segmentation,,output,0,pred_masks,1x200x288x288,float32,cuda:0,False,-13.532989501953125,9.635087966918945,-87.77867126464844,9.091134071350098
122,697.625,segmentation_head,UniversalSegmentationHead,Segmentation Head,mask_head,segmentation,,output,1,semantic_seg,1x1x288x288,float32,cuda:0,False,-1.7029507160186768,6.898452281951904,-26.42023277282715,10.090198516845703
