layer,k,condition,trial,query_index,original_score,ablated_score,score_drop,iou_with_original,iou_drop,ablation_mode,attn_path,token_indices_preview
0,50,top_decoder_attention,0,144,0.22523583471775055,0.2250368297100067,0.00019900500774383545,0.9998754858970642,0.00012451410293579102,zero,outputs/dog_detr_decoder_cross_attention/detr_decoder_cross_attention/decoder_layer_0_query144_attn.npy,"[3508, 3581, 3003, 3652, 4157, 2359, 2575, 2288, 2287, 2216, 2140, 2217, 1992, 2073, 2642, 2640, 3434, 3007, 3081, 2362]"
0,50,random,0,144,0.22523583471775055,0.2250516265630722,0.00018420815467834473,0.9999037384986877,9.626150131225586e-05,zero,outputs/dog_detr_decoder_cross_attention/detr_decoder_cross_attention/decoder_layer_0_query144_attn.npy,"[683, 2759, 58, 3047, 90, 3365, 5073, 4476, 1352, 801, 1772, 3549, 4802, 128, 4867, 3316, 2336, 51, 252, 3945]"
0,50,random,1,144,0.22523583471775055,0.22510606050491333,0.00012977421283721924,0.9999127388000488,8.726119995117188e-05,zero,outputs/dog_detr_decoder_cross_attention/detr_decoder_cross_attention/decoder_layer_0_query144_attn.npy,"[4835, 1217, 3949, 1209, 2224, 2642, 38, 4992, 756, 3852, 878, 646, 4428, 1708, 2322, 3115, 1339, 130, 251, 1286]"
0,50,random,2,144,0.22523583471775055,0.22504542768001556,0.00019040703773498535,0.9998940825462341,0.00010591745376586914,zero,outputs/dog_detr_decoder_cross_attention/detr_decoder_cross_attention/decoder_layer_0_query144_attn.npy,"[672, 2611, 4149, 1593, 4430, 1501, 612, 4014, 1661, 155, 3284, 2565, 1616, 2276, 4849, 2244, 1358, 3988, 1276, 128]"
0,100,top_decoder_attention,0,144,0.22523583471775055,0.22487248480319977,0.00036334991455078125,0.9997734427452087,0.00022655725479125977,zero,outputs/dog_detr_decoder_cross_attention/detr_decoder_cross_attention/decoder_layer_0_query144_attn.npy,"[3508, 3581, 3003, 3652, 4157, 2359, 2575, 2288, 2287, 2216, 2140, 2217, 1992, 2073, 2642, 2640, 3434, 3007, 3081, 2362]"
0,100,random,0,144,0.22523583471775055,0.22489312291145325,0.00034271180629730225,0.9998286366462708,0.00017136335372924805,zero,outputs/dog_detr_decoder_cross_attention/detr_decoder_cross_attention/decoder_layer_0_query144_attn.npy,"[4297, 3696, 588, 2989, 4546, 797, 4766, 2963, 1213, 863, 1344, 455, 2138, 2628, 4765, 4457, 896, 5069, 5081, 3126]"
0,100,random,1,144,0.22523583471775055,0.22487211227416992,0.00036372244358062744,0.9998003840446472,0.0001996159553527832,zero,outputs/dog_detr_decoder_cross_attention/detr_decoder_cross_attention/decoder_layer_0_query144_attn.npy,"[352, 850, 1384, 5043, 2832, 1733, 3156, 1089, 3738, 2786, 1430, 2659, 1545, 4550, 3315, 5139, 4787, 1972, 2155, 3072]"
0,100,random,2,144,0.22523583471775055,0.2249165028333664,0.0003193318843841553,0.9998388886451721,0.00016111135482788086,zero,outputs/dog_detr_decoder_cross_attention/detr_decoder_cross_attention/decoder_layer_0_query144_attn.npy,"[130, 3397, 1470, 5036, 3333, 932, 3252, 908, 3110, 1388, 3084, 380, 2231, 3967, 3448, 822, 3064, 3898, 3615, 3100]"
0,200,top_decoder_attention,0,144,0.22523583471775055,0.224563866853714,0.0006719678640365601,0.9996656775474548,0.000334322452545166,zero,outputs/dog_detr_decoder_cross_attention/detr_decoder_cross_attention/decoder_layer_0_query144_attn.npy,"[3508, 3581, 3003, 3652, 4157, 2359, 2575, 2288, 2287, 2216, 2140, 2217, 1992, 2073, 2642, 2640, 3434, 3007, 3081, 2362]"
0,200,random,0,144,0.22523583471775055,0.22462432086467743,0.0006115138530731201,0.9997041821479797,0.00029581785202026367,zero,outputs/dog_detr_decoder_cross_attention/detr_decoder_cross_attention/decoder_layer_0_query144_attn.npy,"[1235, 3235, 2075, 206, 4562, 3630, 4123, 3695, 1655, 1395, 2480, 1493, 458, 568, 4053, 3739, 3810, 4302, 3801, 2678]"
0,200,random,1,144,0.22523583471775055,0.22464771568775177,0.0005881190299987793,0.9997073411941528,0.00029265880584716797,zero,outputs/dog_detr_decoder_cross_attention/detr_decoder_cross_attention/decoder_layer_0_query144_attn.npy,"[766, 2606, 3751, 423, 4649, 3844, 3448, 954, 3691, 1176, 4652, 1787, 729, 2526, 4665, 1309, 1263, 1283, 3726, 633]"
0,200,random,2,144,0.22523583471775055,0.2246304154396057,0.0006054192781448364,0.9997144341468811,0.0002855658531188965,zero,outputs/dog_detr_decoder_cross_attention/detr_decoder_cross_attention/decoder_layer_0_query144_attn.npy,"[3530, 489, 3781, 1265, 1813, 4924, 771, 3430, 4370, 4713, 4395, 1225, 963, 2494, 3615, 238, 1799, 2190, 1442, 1354]"
0,500,top_decoder_attention,0,144,0.22523583471775055,0.2239762395620346,0.0012595951557159424,0.9995149374008179,0.0004850625991821289,zero,outputs/dog_detr_decoder_cross_attention/detr_decoder_cross_attention/decoder_layer_0_query144_attn.npy,"[3508, 3581, 3003, 3652, 4157, 2359, 2575, 2288, 2287, 2216, 2140, 2217, 1992, 2073, 2642, 2640, 3434, 3007, 3081, 2362]"
0,500,random,0,144,0.22523583471775055,0.22382262349128723,0.0014132112264633179,0.9993109703063965,0.0006890296936035156,zero,outputs/dog_detr_decoder_cross_attention/detr_decoder_cross_attention/decoder_layer_0_query144_attn.npy,"[1301, 517, 1053, 1082, 11, 3027, 602, 529, 1425, 3495, 4309, 3486, 4459, 2298, 2866, 1811, 1141, 3645, 2679, 4332]"
0,500,random,1,144,0.22523583471775055,0.22374099493026733,0.0014948397874832153,0.9993013739585876,0.0006986260414123535,zero,outputs/dog_detr_decoder_cross_attention/detr_decoder_cross_attention/decoder_layer_0_query144_attn.npy,"[3183, 259, 3888, 4192, 192, 3094, 5036, 3440, 1741, 3075, 2854, 2442, 3400, 4769, 3117, 1335, 1080, 2274, 4401, 3272]"
0,500,random,2,144,0.22523583471775055,0.22360776364803314,0.0016280710697174072,0.9992647767066956,0.0007352232933044434,zero,outputs/dog_detr_decoder_cross_attention/detr_decoder_cross_attention/decoder_layer_0_query144_attn.npy,"[3193, 3013, 1629, 335, 2760, 4471, 142, 2138, 396, 502, 4176, 4532, 3635, 1888, 3005, 1316, 3602, 1151, 2506, 953]"
1,50,top_decoder_attention,0,144,0.22523583471775055,0.22501389682292938,0.000221937894821167,0.9998446702957153,0.00015532970428466797,zero,outputs/dog_detr_decoder_cross_attention/detr_decoder_cross_attention/decoder_layer_1_query144_attn.npy,"[3652, 3581, 3508, 3867, 3941, 3003, 3149, 3796, 3510, 3579, 3293, 3434, 3650, 3725, 3076, 3794, 3366, 2858, 2860, 3006]"
1,50,random,0,144,0.22523583471775055,0.2251059114933014,0.00012992322444915771,0.9999191164970398,8.088350296020508e-05,zero,outputs/dog_detr_decoder_cross_attention/detr_decoder_cross_attention/decoder_layer_1_query144_attn.npy,"[3331, 1124, 4894, 4032, 1903, 5156, 2090, 5168, 2861, 1229, 846, 3849, 1105, 1799, 3584, 4343, 1766, 5076, 4938, 1405]"
1,50,random,1,144,0.22523583471775055,0.22504164278507233,0.00019419193267822266,0.9998677968978882,0.0001322031021118164,zero,outputs/dog_detr_decoder_cross_attention/detr_decoder_cross_attention/decoder_layer_1_query144_attn.npy,"[4346, 2955, 718, 4359, 3265, 3344, 1828, 1071, 2240, 3484, 449, 3724, 1561, 3800, 4659, 3216, 3485, 4863, 1342, 3701]"
1,50,random,2,144,0.22523583471775055,0.22503907978534698,0.00019675493240356445,0.9998722672462463,0.0001277327537536621,zero,outputs/dog_detr_decoder_cross_attention/detr_decoder_cross_attention/decoder_layer_1_query144_attn.npy,"[2519, 3856, 4770, 279, 3415, 5004, 654, 680, 2743, 2495, 4042, 2513, 3951, 4153, 2031, 4485, 421, 729, 151, 781]"
1,100,top_decoder_attention,0,144,0.22523583471775055,0.22472338378429413,0.0005124509334564209,0.9997323751449585,0.0002676248550415039,zero,outputs/dog_detr_decoder_cross_attention/detr_decoder_cross_attention/decoder_layer_1_query144_attn.npy,"[3652, 3581, 3508, 3867, 3941, 3003, 3149, 3796, 3510, 3579, 3293, 3434, 3650, 3725, 3076, 3794, 3366, 2858, 2860, 3006]"
1,100,random,0,144,0.22523583471775055,0.2249668389558792,0.0002689957618713379,0.9998562335968018,0.0001437664031982422,zero,outputs/dog_detr_decoder_cross_attention/detr_decoder_cross_attention/decoder_layer_1_query144_attn.npy,"[1755, 484, 168, 1442, 2197, 3180, 444, 3294, 4902, 1822, 1387, 4134, 4312, 4281, 5027, 4762, 777, 4752, 3825, 2988]"
1,100,random,1,144,0.22523583471775055,0.22492732107639313,0.0003085136413574219,0.9998517632484436,0.00014823675155639648,zero,outputs/dog_detr_decoder_cross_attention/detr_decoder_cross_attention/decoder_layer_1_query144_attn.npy,"[939, 1325, 3085, 1303, 977, 1953, 246, 3543, 5166, 233, 4275, 1331, 4882, 2991, 2077, 1668, 1559, 905, 4502, 4134]"
1,100,random,2,144,0.22523583471775055,0.22500592470169067,0.0002299100160598755,0.9998594522476196,0.0001405477523803711,zero,outputs/dog_detr_decoder_cross_attention/detr_decoder_cross_attention/decoder_layer_1_query144_attn.npy,"[3755, 3337, 297, 3236, 3917, 2945, 3538, 3063, 4302, 2956, 3878, 2311, 997, 4620, 3923, 4558, 2895, 2234, 2949, 1940]"
1,200,top_decoder_attention,0,144,0.22523583471775055,0.22421719133853912,0.0010186433792114258,0.9994308948516846,0.0005691051483154297,zero,outputs/dog_detr_decoder_cross_attention/detr_decoder_cross_attention/decoder_layer_1_query144_attn.npy,"[3652, 3581, 3508, 3867, 3941, 3003, 3149, 3796, 3510, 3579, 3293, 3434, 3650, 3725, 3076, 3794, 3366, 2858, 2860, 3006]"
1,200,random,0,144,0.22523583471775055,0.22461473941802979,0.0006210952997207642,0.9996945261955261,0.00030547380447387695,zero,outputs/dog_detr_decoder_cross_attention/detr_decoder_cross_attention/decoder_layer_1_query144_attn.npy,"[5069, 1138, 4909, 4713, 3385, 1597, 2833, 4102, 2972, 3124, 4663, 2108, 956, 2341, 3159, 2283, 1575, 1992, 3496, 3321]"
1,200,random,1,144,0.22523583471775055,0.22467732429504395,0.000558510422706604,0.999725341796875,0.000274658203125,zero,outputs/dog_detr_decoder_cross_attention/detr_decoder_cross_attention/decoder_layer_1_query144_attn.npy,"[2086, 4175, 3664, 4980, 1056, 4049, 913, 3726, 4680, 1386, 1873, 4897, 1833, 3220, 605, 3509, 5165, 3087, 213, 4763]"
1,200,random,2,144,0.22523583471775055,0.22470945119857788,0.0005263835191726685,0.999733030796051,0.0002669692039489746,zero,outputs/dog_detr_decoder_cross_attention/detr_decoder_cross_attention/decoder_layer_1_query144_attn.npy,"[498, 4648, 3579, 4234, 468, 1952, 21, 4332, 1091, 4902, 4679, 5031, 1627, 2561, 2439, 2818, 1714, 1201, 4842, 686]"
1,500,top_decoder_attention,0,144,0.22523583471775055,0.2228183001279831,0.002417534589767456,0.9984915256500244,0.001508474349975586,zero,outputs/dog_detr_decoder_cross_attention/detr_decoder_cross_attention/decoder_layer_1_query144_attn.npy,"[3652, 3581, 3508, 3867, 3941, 3003, 3149, 3796, 3510, 3579, 3293, 3434, 3650, 3725, 3076, 3794, 3366, 2858, 2860, 3006]"
1,500,random,0,144,0.22523583471775055,0.22394061088562012,0.0012952238321304321,0.9993584752082825,0.0006415247917175293,zero,outputs/dog_detr_decoder_cross_attention/detr_decoder_cross_attention/decoder_layer_1_query144_attn.npy,"[3420, 3121, 1397, 4858, 2265, 3890, 2004, 2022, 3300, 3338, 2465, 4758, 4416, 1115, 2058, 1858, 1370, 3447, 2078, 809]"
1,500,random,1,144,0.22523583471775055,0.22391554713249207,0.0013202875852584839,0.9993327856063843,0.0006672143936157227,zero,outputs/dog_detr_decoder_cross_attention/detr_decoder_cross_attention/decoder_layer_1_query144_attn.npy,"[1693, 1707, 3676, 5030, 1338, 5126, 67, 810, 4947, 376, 3110, 5178, 1943, 3044, 955, 2101, 4971, 4649, 2826, 335]"
1,500,random,2,144,0.22523583471775055,0.2239840030670166,0.0012518316507339478,0.9993007183074951,0.0006992816925048828,zero,outputs/dog_detr_decoder_cross_attention/detr_decoder_cross_attention/decoder_layer_1_query144_attn.npy,"[1366, 701, 3905, 1882, 1150, 167, 508, 1825, 3313, 481, 2158, 1480, 4157, 1362, 2217, 2926, 4141, 4639, 376, 2413]"
2,50,top_decoder_attention,0,144,0.22523583471775055,0.2250063419342041,0.00022949278354644775,0.9998530149459839,0.00014698505401611328,zero,outputs/dog_detr_decoder_cross_attention/detr_decoder_cross_attention/decoder_layer_2_query144_attn.npy,"[3652, 3508, 3581, 3867, 3579, 3510, 3583, 3003, 3223, 3363, 3582, 3511, 3149, 3654, 3295, 3434, 3007, 3794, 3366, 3722]"
2,50,random,0,144,0.22523583471775055,0.22507859766483307,0.00015723705291748047,0.9998940825462341,0.00010591745376586914,zero,outputs/dog_detr_decoder_cross_attention/detr_decoder_cross_attention/decoder_layer_2_query144_attn.npy,"[4757, 2238, 3799, 1825, 4001, 471, 3244, 2774, 1493, 2381, 190, 2477, 2150, 3966, 2848, 1832, 4408, 2078, 4941, 1791]"
2,50,random,1,144,0.22523583471775055,0.22507576644420624,0.00016006827354431152,0.9999133348464966,8.666515350341797e-05,zero,outputs/dog_detr_decoder_cross_attention/detr_decoder_cross_attention/decoder_layer_2_query144_attn.npy,"[3256, 617, 4787, 2074, 2967, 4943, 2215, 3340, 5113, 2676, 2267, 86, 495, 3909, 2397, 1118, 3226, 3959, 2271, 1244]"
2,50,random,2,144,0.22523583471775055,0.22508597373962402,0.00014986097812652588,0.9999082088470459,9.179115295410156e-05,zero,outputs/dog_detr_decoder_cross_attention/detr_decoder_cross_attention/decoder_layer_2_query144_attn.npy,"[1361, 1109, 4765, 1481, 2059, 1111, 5165, 4808, 1267, 1886, 3066, 2207, 998, 4536, 2909, 1851, 4569, 5166, 1411, 5025]"
2,100,top_decoder_attention,0,144,0.22523583471775055,0.22472503781318665,0.0005107969045639038,0.9997349381446838,0.0002650618553161621,zero,outputs/dog_detr_decoder_cross_attention/detr_decoder_cross_attention/decoder_layer_2_query144_attn.npy,"[3652, 3508, 3581, 3867, 3579, 3510, 3583, 3003, 3223, 3363, 3582, 3511, 3149, 3654, 3295, 3434, 3007, 3794, 3366, 3722]"
2,100,random,0,144,0.22523583471775055,0.22491863369941711,0.00031720101833343506,0.9998376369476318,0.00016236305236816406,zero,outputs/dog_detr_decoder_cross_attention/detr_decoder_cross_attention/decoder_layer_2_query144_attn.npy,"[1315, 956, 248, 3257, 3013, 2570, 3137, 4117, 3252, 2498, 1606, 105, 3636, 2031, 3464, 1068, 2357, 544, 2948, 4198]"
2,100,random,1,144,0.22523583471775055,0.22492410242557526,0.00031173229217529297,0.9998530149459839,0.00014698505401611328,zero,outputs/dog_detr_decoder_cross_attention/detr_decoder_cross_attention/decoder_layer_2_query144_attn.npy,"[1028, 3817, 48, 2875, 173, 3746, 4114, 4980, 3910, 1206, 3061, 617, 161, 3579, 3168, 1706, 247, 3883, 1245, 3872]"
2,100,random,2,144,0.22523583471775055,0.22492370009422302,0.00031213462352752686,0.9998536705970764,0.00014632940292358398,zero,outputs/dog_detr_decoder_cross_attention/detr_decoder_cross_attention/decoder_layer_2_query144_attn.npy,"[671, 2000, 2477, 3205, 3135, 3838, 3695, 2501, 3212, 4779, 3621, 1706, 18, 3306, 530, 225, 4183, 87, 3204, 1703]"
2,200,top_decoder_attention,0,144,0.22523583471775055,0.22439296543598175,0.0008428692817687988,0.9995104074478149,0.0004895925521850586,zero,outputs/dog_detr_decoder_cross_attention/detr_decoder_cross_attention/decoder_layer_2_query144_attn.npy,"[3652, 3508, 3581, 3867, 3579, 3510, 3583, 3003, 3223, 3363, 3582, 3511, 3149, 3654, 3295, 3434, 3007, 3794, 3366, 3722]"
2,200,random,0,144,0.22523583471775055,0.22465020418167114,0.0005856305360794067,0.999699056148529,0.00030094385147094727,zero,outputs/dog_detr_decoder_cross_attention/detr_decoder_cross_attention/decoder_layer_2_query144_attn.npy,"[1246, 4327, 1242, 2126, 3943, 2049, 2557, 3482, 3438, 1597, 2614, 348, 589, 2237, 536, 5001, 4031, 3041, 3143, 66]"
2,200,random,1,144,0.22523583471775055,0.22457468509674072,0.0006611496210098267,0.999685525894165,0.00031447410583496094,zero,outputs/dog_detr_decoder_cross_attention/detr_decoder_cross_attention/decoder_layer_2_query144_attn.npy,"[1071, 3314, 1234, 4617, 583, 5182, 4020, 1802, 198, 1496, 1876, 3929, 2294, 1833, 1492, 1195, 3767, 2888, 1026, 186]"
2,200,random,2,144,0.22523583471775055,0.22465817630290985,0.0005776584148406982,0.9997086524963379,0.0002913475036621094,zero,outputs/dog_detr_decoder_cross_attention/detr_decoder_cross_attention/decoder_layer_2_query144_attn.npy,"[3671, 3590, 2716, 2388, 790, 3829, 263, 1487, 3888, 2558, 1437, 2246, 4512, 4271, 2882, 384, 5008, 3745, 1886, 385]"
2,500,top_decoder_attention,0,144,0.22523583471775055,0.22343473136425018,0.0018011033535003662,0.9988539218902588,0.001146078109741211,zero,outputs/dog_detr_decoder_cross_attention/detr_decoder_cross_attention/decoder_layer_2_query144_attn.npy,"[3652, 3508, 3581, 3867, 3579, 3510, 3583, 3003, 3223, 3363, 3582, 3511, 3149, 3654, 3295, 3434, 3007, 3794, 3366, 3722]"
2,500,random,0,144,0.22523583471775055,0.22413338720798492,0.001102447509765625,0.9993597865104675,0.0006402134895324707,zero,outputs/dog_detr_decoder_cross_attention/detr_decoder_cross_attention/decoder_layer_2_query144_attn.npy,"[5033, 2021, 2920, 2168, 1269, 49, 2581, 91, 446, 1657, 2302, 5010, 2859, 964, 3612, 4617, 2889, 370, 2003, 50]"
2,500,random,1,144,0.22523583471775055,0.2238052934408188,0.0014305412769317627,0.9993250966072083,0.000674903392791748,zero,outputs/dog_detr_decoder_cross_attention/detr_decoder_cross_attention/decoder_layer_2_query144_attn.npy,"[1189, 4551, 1083, 2982, 1287, 4359, 3085, 4295, 398, 3922, 3019, 3711, 1127, 3983, 214, 4152, 3414, 957, 1280, 347]"
2,500,random,2,144,0.22523583471775055,0.2238520085811615,0.0013838261365890503,0.9993109703063965,0.0006890296936035156,zero,outputs/dog_detr_decoder_cross_attention/detr_decoder_cross_attention/decoder_layer_2_query144_attn.npy,"[1080, 4733, 4792, 917, 3595, 4030, 1539, 208, 2763, 4952, 474, 3046, 1461, 5025, 1821, 2352, 4034, 4613, 2079, 1865]"
3,50,top_decoder_attention,0,144,0.22523583471775055,0.22518278658390045,5.3048133850097656e-05,0.9998581409454346,0.0001418590545654297,zero,outputs/dog_detr_decoder_cross_attention/detr_decoder_cross_attention/decoder_layer_3_query144_attn.npy,"[3510, 3652, 3581, 3867, 3508, 3366, 3796, 3722, 3583, 3794, 3725, 3434, 3579, 3798, 3654, 3149, 3363, 3223, 3003, 3941]"
3,50,random,0,144,0.22523583471775055,0.2250523865222931,0.0001834481954574585,0.9998940825462341,0.00010591745376586914,zero,outputs/dog_detr_decoder_cross_attention/detr_decoder_cross_attention/decoder_layer_3_query144_attn.npy,"[2107, 2122, 823, 815, 2514, 99, 3608, 1370, 2924, 2823, 1948, 2478, 3197, 2475, 2223, 1233, 719, 1206, 143, 4256]"
3,50,random,1,144,0.22523583471775055,0.22510048747062683,0.00013534724712371826,0.9999146461486816,8.535385131835938e-05,zero,outputs/dog_detr_decoder_cross_attention/detr_decoder_cross_attention/decoder_layer_3_query144_attn.npy,"[929, 2669, 3605, 616, 1148, 123, 2798, 5141, 4168, 577, 1940, 2861, 1011, 217, 49, 4290, 1695, 1053, 2448, 4080]"
3,50,random,2,144,0.22523583471775055,0.2250756323337555,0.00016020238399505615,0.9999158978462219,8.410215377807617e-05,zero,outputs/dog_detr_decoder_cross_attention/detr_decoder_cross_attention/decoder_layer_3_query144_attn.npy,"[3252, 4992, 5025, 2884, 2368, 1822, 4713, 3696, 4025, 3872, 2708, 4726, 825, 1281, 5008, 1648, 2795, 507, 3693, 3700]"
3,100,top_decoder_attention,0,144,0.22523583471775055,0.22496740520000458,0.0002684295177459717,0.9997150897979736,0.0002849102020263672,zero,outputs/dog_detr_decoder_cross_attention/detr_decoder_cross_attention/decoder_layer_3_query144_attn.npy,"[3510, 3652, 3581, 3867, 3508, 3366, 3796, 3722, 3583, 3794, 3725, 3434, 3579, 3798, 3654, 3149, 3363, 3223, 3003, 3941]"
3,100,random,0,144,0.22523583471775055,0.22493721544742584,0.00029861927032470703,0.9998613595962524,0.0001386404037475586,zero,outputs/dog_detr_decoder_cross_attention/detr_decoder_cross_attention/decoder_layer_3_query144_attn.npy,"[251, 181, 4379, 2282, 51, 1475, 4336, 4571, 5018, 4302, 4527, 1965, 2168, 3040, 5169, 1665, 4362, 3944, 4023, 2581]"
3,100,random,1,144,0.22523583471775055,0.22488375008106232,0.0003520846366882324,0.9998216032981873,0.00017839670181274414,zero,outputs/dog_detr_decoder_cross_attention/detr_decoder_cross_attention/decoder_layer_3_query144_attn.npy,"[1190, 1489, 4358, 3718, 1012, 1299, 4751, 1585, 395, 3590, 2490, 391, 1496, 4704, 1838, 2170, 3875, 2166, 533, 973]"
3,100,random,2,144,0.22523583471775055,0.2248726785182953,0.00036315619945526123,0.9998311996459961,0.00016880035400390625,zero,outputs/dog_detr_decoder_cross_attention/detr_decoder_cross_attention/decoder_layer_3_query144_attn.npy,"[2515, 1164, 3980, 627, 497, 2274, 1096, 1773, 3188, 2290, 2985, 4918, 2567, 1256, 1681, 2401, 3045, 1289, 120, 3838]"
3,200,top_decoder_attention,0,144,0.22523583471775055,0.22444036602973938,0.0007954686880111694,0.9993616342544556,0.0006383657455444336,zero,outputs/dog_detr_decoder_cross_attention/detr_decoder_cross_attention/decoder_layer_3_query144_attn.npy,"[3510, 3652, 3581, 3867, 3508, 3366, 3796, 3722, 3583, 3794, 3725, 3434, 3579, 3798, 3654, 3149, 3363, 3223, 3003, 3941]"
3,200,random,0,144,0.22523583471775055,0.22455966472625732,0.0006761699914932251,0.9996772408485413,0.00032275915145874023,zero,outputs/dog_detr_decoder_cross_attention/detr_decoder_cross_attention/decoder_layer_3_query144_attn.npy,"[5008, 2915, 2845, 5103, 2437, 4372, 4507, 303, 343, 3978, 4688, 5093, 444, 4483, 4973, 2842, 4464, 2733, 768, 4163]"
3,200,random,1,144,0.22523583471775055,0.2247002124786377,0.000535622239112854,0.9997413754463196,0.0002586245536804199,zero,outputs/dog_detr_decoder_cross_attention/detr_decoder_cross_attention/decoder_layer_3_query144_attn.npy,"[4629, 3511, 3173, 2765, 2859, 765, 2973, 2825, 4911, 704, 4324, 2141, 4276, 3288, 4034, 1390, 5118, 525, 3057, 3659]"
3,200,random,2,144,0.22523583471775055,0.2247595340013504,0.0004763007164001465,0.999690055847168,0.00030994415283203125,zero,outputs/dog_detr_decoder_cross_attention/detr_decoder_cross_attention/decoder_layer_3_query144_attn.npy,"[247, 2820, 723, 829, 849, 3551, 4258, 5178, 798, 4447, 2932, 3466, 2787, 1952, 1013, 2317, 3710, 4596, 378, 1087]"
3,500,top_decoder_attention,0,144,0.22523583471775055,0.22296559810638428,0.002270236611366272,0.9984351992607117,0.00156480073928833,zero,outputs/dog_detr_decoder_cross_attention/detr_decoder_cross_attention/decoder_layer_3_query144_attn.npy,"[3510, 3652, 3581, 3867, 3508, 3366, 3796, 3722, 3583, 3794, 3725, 3434, 3579, 3798, 3654, 3149, 3363, 3223, 3003, 3941]"
3,500,random,0,144,0.22523583471775055,0.22376230359077454,0.0014735311269760132,0.9992891550064087,0.0007108449935913086,zero,outputs/dog_detr_decoder_cross_attention/detr_decoder_cross_attention/decoder_layer_3_query144_attn.npy,"[965, 3177, 375, 1689, 3655, 3579, 3101, 4981, 1121, 2147, 2347, 3169, 1113, 1890, 4504, 425, 3659, 1792, 5053, 4940]"
3,500,random,1,144,0.22523583471775055,0.22385762631893158,0.0013782083988189697,0.9993301630020142,0.0006698369979858398,zero,outputs/dog_detr_decoder_cross_attention/detr_decoder_cross_attention/decoder_layer_3_query144_attn.npy,"[3530, 1408, 3981, 1953, 2237, 2811, 1342, 1937, 1212, 5178, 1543, 425, 278, 1844, 3913, 2456, 3910, 2277, 269, 5116]"
3,500,random,2,144,0.22523583471775055,0.2236543744802475,0.0015814602375030518,0.9992705583572388,0.0007294416427612305,zero,outputs/dog_detr_decoder_cross_attention/detr_decoder_cross_attention/decoder_layer_3_query144_attn.npy,"[2452, 4992, 4087, 3913, 2696, 70, 662, 4124, 1103, 3129, 1107, 2368, 4728, 1455, 4185, 4141, 4577, 3554, 3358, 404]"
4,50,top_decoder_attention,0,144,0.22523583471775055,0.22500187158584595,0.00023396313190460205,0.9998511075973511,0.00014889240264892578,zero,outputs/dog_detr_decoder_cross_attention/detr_decoder_cross_attention/decoder_layer_4_query144_attn.npy,"[3867, 3794, 3796, 3434, 3866, 4228, 3652, 3363, 3366, 3722, 4012, 4084, 3939, 4157, 3508, 3581, 4010, 4301, 3505, 3650]"
4,50,random,0,144,0.22523583471775055,0.22506073117256165,0.0001751035451889038,0.9999005198478699,9.948015213012695e-05,zero,outputs/dog_detr_decoder_cross_attention/detr_decoder_cross_attention/decoder_layer_4_query144_attn.npy,"[3148, 2301, 4267, 2650, 3619, 4863, 1209, 1963, 2336, 4427, 3551, 494, 1309, 1816, 2074, 646, 1089, 1112, 445, 4013]"
4,50,random,1,144,0.22523583471775055,0.22507406771183014,0.00016176700592041016,0.9999024271965027,9.757280349731445e-05,zero,outputs/dog_detr_decoder_cross_attention/detr_decoder_cross_attention/decoder_layer_4_query144_attn.npy,"[2473, 4530, 477, 966, 4630, 4322, 4041, 1488, 333, 4877, 1918, 4190, 3750, 3805, 3854, 2768, 2751, 5182, 4181, 2854]"
4,50,random,2,144,0.22523583471775055,0.22510841488838196,0.0001274198293685913,0.9999063014984131,9.369850158691406e-05,zero,outputs/dog_detr_decoder_cross_attention/detr_decoder_cross_attention/decoder_layer_4_query144_attn.npy,"[4365, 3064, 4614, 3157, 2812, 3044, 2706, 2711, 1157, 2113, 617, 2457, 187, 4933, 501, 1095, 3142, 2846, 3691, 3767]"
4,100,top_decoder_attention,0,144,0.22523583471775055,0.22480054199695587,0.00043529272079467773,0.999670147895813,0.0003298521041870117,zero,outputs/dog_detr_decoder_cross_attention/detr_decoder_cross_attention/decoder_layer_4_query144_attn.npy,"[3867, 3794, 3796, 3434, 3866, 4228, 3652, 3363, 3366, 3722, 4012, 4084, 3939, 4157, 3508, 3581, 4010, 4301, 3505, 3650]"
4,100,random,0,144,0.22523583471775055,0.22490952908992767,0.000326305627822876,0.9998138546943665,0.00018614530563354492,zero,outputs/dog_detr_decoder_cross_attention/detr_decoder_cross_attention/decoder_layer_4_query144_attn.npy,"[309, 289, 4436, 1842, 1786, 1334, 831, 1942, 2199, 784, 2688, 1534, 1345, 1353, 563, 2477, 656, 4252, 4634, 1243]"
4,100,random,1,144,0.22523583471775055,0.22491247951984406,0.00032335519790649414,0.9998363256454468,0.00016367435455322266,zero,outputs/dog_detr_decoder_cross_attention/detr_decoder_cross_attention/decoder_layer_4_query144_attn.npy,"[1172, 4009, 1330, 3487, 1701, 147, 5159, 4276, 4409, 5116, 3077, 3076, 3033, 1397, 5076, 2844, 1257, 5010, 5054, 1708]"
4,100,random,2,144,0.22523583471775055,0.2248857319355011,0.0003501027822494507,0.9997926950454712,0.0002073049545288086,zero,outputs/dog_detr_decoder_cross_attention/detr_decoder_cross_attention/decoder_layer_4_query144_attn.npy,"[3722, 386, 866, 1479, 4354, 113, 2789, 3206, 835, 887, 2858, 3229, 826, 1124, 2547, 2749, 702, 3772, 2704, 3658]"
4,200,top_decoder_attention,0,144,0.22523583471775055,0.22452057898044586,0.0007152557373046875,0.9992430210113525,0.0007569789886474609,zero,outputs/dog_detr_decoder_cross_attention/detr_decoder_cross_attention/decoder_layer_4_query144_attn.npy,"[3867, 3794, 3796, 3434, 3866, 4228, 3652, 3363, 3366, 3722, 4012, 4084, 3939, 4157, 3508, 3581, 4010, 4301, 3505, 3650]"
4,200,random,0,144,0.22523583471775055,0.22471214830875397,0.000523686408996582,0.999699056148529,0.00030094385147094727,zero,outputs/dog_detr_decoder_cross_attention/detr_decoder_cross_attention/decoder_layer_4_query144_attn.npy,"[5085, 1316, 3724, 2727, 3574, 2943, 2934, 3780, 1670, 382, 597, 2193, 3499, 4701, 3605, 2671, 2817, 212, 3715, 1912]"
4,200,random,1,144,0.22523583471775055,0.22464467585086823,0.0005911588668823242,0.9997047781944275,0.00029522180557250977,zero,outputs/dog_detr_decoder_cross_attention/detr_decoder_cross_attention/decoder_layer_4_query144_attn.npy,"[71, 708, 3715, 5142, 2728, 2046, 1508, 3631, 4663, 4387, 1968, 1691, 4731, 1426, 2737, 1350, 1988, 1843, 1923, 1204]"
4,200,random,2,144,0.22523583471775055,0.22462156414985657,0.0006142705678939819,0.9997311234474182,0.0002688765525817871,zero,outputs/dog_detr_decoder_cross_attention/detr_decoder_cross_attention/decoder_layer_4_query144_attn.npy,"[5024, 1257, 2564, 2881, 3397, 540, 1989, 2353, 3436, 1513, 3803, 3388, 4816, 3585, 148, 2053, 2651, 1033, 2090, 1393]"
4,500,top_decoder_attention,0,144,0.22523583471775055,0.22257967293262482,0.0026561617851257324,0.9983161687850952,0.0016838312149047852,zero,outputs/dog_detr_decoder_cross_attention/detr_decoder_cross_attention/decoder_layer_4_query144_attn.npy,"[3867, 3794, 3796, 3434, 3866, 4228, 3652, 3363, 3366, 3722, 4012, 4084, 3939, 4157, 3508, 3581, 4010, 4301, 3505, 3650]"
4,500,random,0,144,0.22523583471775055,0.2236996442079544,0.0015361905097961426,0.9992705583572388,0.0007294416427612305,zero,outputs/dog_detr_decoder_cross_attention/detr_decoder_cross_attention/decoder_layer_4_query144_attn.npy,"[2051, 428, 2977, 1778, 3299, 2729, 5175, 2590, 3297, 2653, 876, 5069, 2156, 3966, 2797, 4276, 2254, 3681, 4674, 3160]"
4,500,random,1,144,0.22523583471775055,0.2236514687538147,0.001584365963935852,0.9992910623550415,0.0007089376449584961,zero,outputs/dog_detr_decoder_cross_attention/detr_decoder_cross_attention/decoder_layer_4_query144_attn.npy,"[5031, 5045, 891, 5178, 4114, 2291, 329, 508, 904, 4667, 2922, 791, 2089, 2030, 1393, 2094, 549, 4226, 4080, 1093]"
4,500,random,2,144,0.22523583471775055,0.22383876144886017,0.0013970732688903809,0.9993148446083069,0.0006851553916931152,zero,outputs/dog_detr_decoder_cross_attention/detr_decoder_cross_attention/decoder_layer_4_query144_attn.npy,"[4533, 4861, 950, 1053, 928, 719, 4512, 4755, 1252, 4348, 3301, 4866, 472, 1547, 4508, 4370, 4013, 3696, 808, 3087]"
5,50,top_decoder_attention,0,144,0.22523583471775055,0.2249804139137268,0.0002554208040237427,0.999843418598175,0.00015658140182495117,zero,outputs/dog_detr_decoder_cross_attention/detr_decoder_cross_attention/decoder_layer_5_query144_attn.npy,"[3867, 3722, 3434, 3652, 3794, 3363, 3796, 3366, 3361, 3870, 3650, 3505, 3508, 3360, 3725, 3721, 3581, 3295, 3223, 3510]"
5,50,random,0,144,0.22523583471775055,0.22505897283554077,0.00017686188220977783,0.9999011754989624,9.882450103759766e-05,zero,outputs/dog_detr_decoder_cross_attention/detr_decoder_cross_attention/decoder_layer_5_query144_attn.npy,"[813, 2891, 2588, 3161, 1391, 1473, 280, 20, 2362, 1241, 2654, 2473, 221, 2698, 719, 3917, 4271, 2742, 4431, 3138]"
5,50,random,1,144,0.22523583471775055,0.22508810460567474,0.00014773011207580566,0.9999158978462219,8.410215377807617e-05,zero,outputs/dog_detr_decoder_cross_attention/detr_decoder_cross_attention/decoder_layer_5_query144_attn.npy,"[684, 3818, 4003, 609, 2360, 4311, 2942, 1811, 257, 4178, 721, 4540, 1168, 4834, 2673, 5114, 3960, 2477, 258, 1916]"
5,50,random,2,144,0.22523583471775055,0.22508856654167175,0.0001472681760787964,0.9999107718467712,8.922815322875977e-05,zero,outputs/dog_detr_decoder_cross_attention/detr_decoder_cross_attention/decoder_layer_5_query144_attn.npy,"[862, 1880, 1895, 4768, 4624, 3095, 4609, 4593, 1457, 3055, 648, 1100, 180, 4356, 4363, 4619, 3424, 4723, 2444, 2106]"
5,100,top_decoder_attention,0,144,0.22523583471775055,0.2246757298707962,0.0005601048469543457,0.999697744846344,0.00030225515365600586,zero,outputs/dog_detr_decoder_cross_attention/detr_decoder_cross_attention/decoder_layer_5_query144_attn.npy,"[3867, 3722, 3434, 3652, 3794, 3363, 3796, 3366, 3361, 3870, 3650, 3505, 3508, 3360, 3725, 3721, 3581, 3295, 3223, 3510]"
5,100,random,0,144,0.22523583471775055,0.22493621706962585,0.0002996176481246948,0.9998350739479065,0.00016492605209350586,zero,outputs/dog_detr_decoder_cross_attention/detr_decoder_cross_attention/decoder_layer_5_query144_attn.npy,"[3783, 3188, 1513, 867, 2673, 4359, 69, 3140, 2464, 435, 319, 3891, 1794, 4259, 216, 2263, 2781, 2850, 3729, 2157]"
5,100,random,1,144,0.22523583471775055,0.22493046522140503,0.00030536949634552,0.9998472332954407,0.00015276670455932617,zero,outputs/dog_detr_decoder_cross_attention/detr_decoder_cross_attention/decoder_layer_5_query144_attn.npy,"[4642, 1377, 1845, 1215, 722, 3917, 602, 260, 1888, 3901, 2566, 3396, 2381, 816, 4560, 623, 4764, 2782, 3684, 2603]"
5,100,random,2,144,0.22523583471775055,0.22486649453639984,0.000369340181350708,0.9998119473457336,0.00018805265426635742,zero,outputs/dog_detr_decoder_cross_attention/detr_decoder_cross_attention/decoder_layer_5_query144_attn.npy,"[1070, 793, 1936, 479, 5100, 750, 641, 2042, 2890, 1543, 2387, 3111, 911, 3464, 2934, 4638, 3595, 2028, 3622, 5164]"
5,200,top_decoder_attention,0,144,0.22523583471775055,0.22448521852493286,0.000750616192817688,0.999248743057251,0.0007512569427490234,zero,outputs/dog_detr_decoder_cross_attention/detr_decoder_cross_attention/decoder_layer_5_query144_attn.npy,"[3867, 3722, 3434, 3652, 3794, 3363, 3796, 3366, 3361, 3870, 3650, 3505, 3508, 3360, 3725, 3721, 3581, 3295, 3223, 3510]"
5,200,random,0,144,0.22523583471775055,0.22467614710330963,0.000559687614440918,0.9996733665466309,0.0003266334533691406,zero,outputs/dog_detr_decoder_cross_attention/detr_decoder_cross_attention/decoder_layer_5_query144_attn.npy,"[2415, 2467, 2183, 2202, 516, 1692, 1637, 1630, 4426, 3967, 2207, 52, 4888, 4574, 3580, 1501, 4601, 4527, 4681, 3100]"
5,200,random,1,144,0.22523583471775055,0.22465504705905914,0.0005807876586914062,0.9996951818466187,0.00030481815338134766,zero,outputs/dog_detr_decoder_cross_attention/detr_decoder_cross_attention/decoder_layer_5_query144_attn.npy,"[4982, 4380, 3833, 3877, 331, 1440, 3590, 1217, 1161, 3213, 195, 5169, 1342, 300, 416, 3887, 5047, 2751, 1185, 470]"
5,200,random,2,144,0.22523583471775055,0.22465400397777557,0.0005818307399749756,0.9997150897979736,0.0002849102020263672,zero,outputs/dog_detr_decoder_cross_attention/detr_decoder_cross_attention/decoder_layer_5_query144_attn.npy,"[4302, 61, 720, 243, 2602, 5155, 2722, 4402, 1179, 3591, 1085, 301, 1406, 4694, 1191, 120, 3142, 2836, 3072, 1886]"
5,500,top_decoder_attention,0,144,0.22523583471775055,0.22247855365276337,0.0027572810649871826,0.9982936382293701,0.0017063617706298828,zero,outputs/dog_detr_decoder_cross_attention/detr_decoder_cross_attention/decoder_layer_5_query144_attn.npy,"[3867, 3722, 3434, 3652, 3794, 3363, 3796, 3366, 3361, 3870, 3650, 3505, 3508, 3360, 3725, 3721, 3581, 3295, 3223, 3510]"
5,500,random,0,144,0.22523583471775055,0.22364115715026855,0.0015946775674819946,0.9992942810058594,0.000705718994140625,zero,outputs/dog_detr_decoder_cross_attention/detr_decoder_cross_attention/decoder_layer_5_query144_attn.npy,"[4808, 4258, 1771, 3547, 2952, 87, 4648, 4401, 943, 1806, 1443, 1220, 4329, 4914, 1881, 1584, 3116, 3539, 1751, 1336]"
5,500,random,1,144,0.22523583471775055,0.2238629311323166,0.00137290358543396,0.9993346929550171,0.0006653070449829102,zero,outputs/dog_detr_decoder_cross_attention/detr_decoder_cross_attention/decoder_layer_5_query144_attn.npy,"[1576, 5092, 1016, 3913, 5114, 1293, 1785, 346, 886, 978, 4865, 1068, 59, 3513, 1520, 770, 4355, 4944, 1486, 898]"
5,500,random,2,144,0.22523583471775055,0.22385841608047485,0.0013774186372756958,0.9993366599082947,0.0006633400917053223,zero,outputs/dog_detr_decoder_cross_attention/detr_decoder_cross_attention/decoder_layer_5_query144_attn.npy,"[3371, 2210, 4123, 2535, 3118, 1010, 3461, 814, 3382, 441, 3873, 3193, 712, 4757, 1487, 118, 3666, 4285, 1365, 1526]"
