layer,k,condition,trial,original_score,ablated_score,score_drop,iou_with_original,iou_drop,ablation_mode,delta_grad_path,token_indices_preview
0,50,top_delta_grad,0,0.22523583471775055,0.22499462962150574,0.000241205096244812,0.9997561573982239,0.00024384260177612305,zero,outputs/dog_deltaf_grad/mm_grad/layer_0_delta_grad.npy,"[4429, 2061, 2415, 3580, 4076, 3926, 3630, 1969, 1544, 1975, 2617, 3722, 4304, 2786, 3135, 3643, 3794, 4283, 691, 2198]"
0,50,random,0,0.22523583471775055,0.2251022309064865,0.00013360381126403809,0.9999338984489441,6.61015510559082e-05,zero,outputs/dog_deltaf_grad/mm_grad/layer_0_delta_grad.npy,"[350, 4281, 3194, 1202, 1189, 1733, 184, 846, 844, 5045, 3129, 1120, 4959, 223, 1378, 2511, 5182, 163, 896, 960]"
0,50,random,1,0.22523583471775055,0.22509463131427765,0.0001412034034729004,0.9999107718467712,8.922815322875977e-05,zero,outputs/dog_deltaf_grad/mm_grad/layer_0_delta_grad.npy,"[2971, 76, 4437, 422, 2714, 1909, 192, 5128, 347, 4236, 3771, 1997, 157, 521, 2662, 4108, 938, 3943, 4593, 1378]"
0,50,random,2,0.22523583471775055,0.22507387399673462,0.00016196072101593018,0.9999114274978638,8.857250213623047e-05,zero,outputs/dog_deltaf_grad/mm_grad/layer_0_delta_grad.npy,"[2885, 1211, 3582, 2116, 1966, 1988, 3946, 3927, 7, 1242, 1632, 3375, 1455, 5104, 3599, 678, 3795, 345, 3261, 1666]"
0,100,top_delta_grad,0,0.22523583471775055,0.22494997084140778,0.00028586387634277344,0.999525249004364,0.00047475099563598633,zero,outputs/dog_deltaf_grad/mm_grad/layer_0_delta_grad.npy,"[4429, 2061, 2415, 3580, 4076, 3926, 3630, 1969, 1544, 1975, 2617, 3722, 4304, 2786, 3135, 3643, 3794, 4283, 691, 2198]"
0,100,random,0,0.22523583471775055,0.2249094694852829,0.00032636523246765137,0.9998228549957275,0.00017714500427246094,zero,outputs/dog_deltaf_grad/mm_grad/layer_0_delta_grad.npy,"[3038, 4755, 4805, 1040, 444, 4306, 1535, 3152, 1834, 2571, 1929, 135, 1393, 553, 1246, 2323, 772, 3268, 1271, 3291]"
0,100,random,1,0.22523583471775055,0.22491870820522308,0.0003171265125274658,0.9998235106468201,0.00017648935317993164,zero,outputs/dog_deltaf_grad/mm_grad/layer_0_delta_grad.npy,"[3148, 4772, 1286, 3752, 3747, 2453, 3956, 140, 1501, 4895, 5097, 1533, 1666, 883, 3623, 3416, 2328, 1887, 3181, 102]"
0,100,random,2,0.22523583471775055,0.22487446665763855,0.0003613680601119995,0.9998016953468323,0.0001983046531677246,zero,outputs/dog_deltaf_grad/mm_grad/layer_0_delta_grad.npy,"[2304, 52, 4061, 559, 2923, 730, 5091, 3718, 407, 1620, 3423, 4280, 5164, 679, 2217, 982, 3682, 2624, 3215, 1072]"
0,200,top_delta_grad,0,0.22523583471775055,0.22448648512363434,0.0007493495941162109,0.9991732239723206,0.0008267760276794434,zero,outputs/dog_deltaf_grad/mm_grad/layer_0_delta_grad.npy,"[4429, 2061, 2415, 3580, 4076, 3926, 3630, 1969, 1544, 1975, 2617, 3722, 4304, 2786, 3135, 3643, 3794, 4283, 691, 2198]"
0,200,random,0,0.22523583471775055,0.2246166616678238,0.0006191730499267578,0.9997137784957886,0.0002862215042114258,zero,outputs/dog_deltaf_grad/mm_grad/layer_0_delta_grad.npy,"[4880, 699, 140, 4206, 1473, 137, 4185, 1966, 3071, 1434, 585, 1638, 4174, 3408, 348, 5160, 2229, 786, 3342, 2001]"
0,200,random,1,0.22523583471775055,0.22459737956523895,0.0006384551525115967,0.9996996521949768,0.00030034780502319336,zero,outputs/dog_deltaf_grad/mm_grad/layer_0_delta_grad.npy,"[3115, 2460, 2021, 1441, 708, 5042, 3248, 4578, 4159, 2735, 3135, 3400, 1350, 3482, 2659, 1488, 3838, 1099, 3366, 1824]"
0,200,random,2,0.22523583471775055,0.22461409866809845,0.0006217360496520996,0.9996573328971863,0.0003426671028137207,zero,outputs/dog_deltaf_grad/mm_grad/layer_0_delta_grad.npy,"[201, 5024, 857, 1966, 3601, 2827, 4192, 824, 1804, 5178, 3939, 726, 4883, 3466, 2989, 2832, 1556, 2584, 2153, 2371]"
0,500,top_delta_grad,0,0.22523583471775055,0.21941719949245453,0.0058186352252960205,0.9972861409187317,0.0027138590812683105,zero,outputs/dog_deltaf_grad/mm_grad/layer_0_delta_grad.npy,"[4429, 2061, 2415, 3580, 4076, 3926, 3630, 1969, 1544, 1975, 2617, 3722, 4304, 2786, 3135, 3643, 3794, 4283, 691, 2198]"
0,500,random,0,0.22523583471775055,0.22364866733551025,0.0015871673822402954,0.9992923736572266,0.0007076263427734375,zero,outputs/dog_deltaf_grad/mm_grad/layer_0_delta_grad.npy,"[2380, 5040, 698, 1320, 4928, 2079, 2627, 5014, 3299, 1746, 920, 2326, 1851, 4296, 507, 277, 3765, 1170, 4218, 2794]"
0,500,random,1,0.22523583471775055,0.22371722757816315,0.0015186071395874023,0.999310314655304,0.0006896853446960449,zero,outputs/dog_deltaf_grad/mm_grad/layer_0_delta_grad.npy,"[4348, 4135, 2102, 2170, 580, 3462, 2818, 3786, 3951, 1058, 296, 3269, 4698, 215, 2251, 2348, 3253, 1539, 799, 4826]"
0,500,random,2,0.22523583471775055,0.2237919569015503,0.0014438778162002563,0.9993385672569275,0.0006614327430725098,zero,outputs/dog_deltaf_grad/mm_grad/layer_0_delta_grad.npy,"[3837, 4715, 278, 747, 4315, 3221, 4128, 1181, 1348, 4318, 1950, 3325, 734, 4925, 23, 2481, 2965, 4959, 7, 678]"
1,50,top_delta_grad,0,0.22523583471775055,0.22531600296497345,-8.016824722290039e-05,0.9996214509010315,0.00037854909896850586,zero,outputs/dog_deltaf_grad/mm_grad/layer_1_delta_grad.npy,"[2415, 2061, 3926, 2617, 4304, 1975, 1969, 1544, 4709, 3722, 2198, 3794, 2400, 2701, 1620, 3927, 3630, 4636, 3135, 3643]"
1,50,random,0,0.22523583471775055,0.22511188685894012,0.0001239478588104248,0.9999063014984131,9.369850158691406e-05,zero,outputs/dog_deltaf_grad/mm_grad/layer_1_delta_grad.npy,"[4481, 765, 957, 107, 1702, 1839, 4915, 1476, 2162, 2467, 3382, 937, 4178, 1919, 1259, 2933, 2113, 4056, 3480, 31]"
1,50,random,1,0.22523583471775055,0.22506505250930786,0.000170782208442688,0.9999063014984131,9.369850158691406e-05,zero,outputs/dog_deltaf_grad/mm_grad/layer_1_delta_grad.npy,"[1775, 4189, 4822, 2856, 1909, 3298, 485, 4434, 3781, 3768, 4014, 556, 4821, 2080, 1416, 3361, 971, 991, 630, 3270]"
1,50,random,2,0.22523583471775055,0.22503769397735596,0.00019814074039459229,0.9998831748962402,0.00011682510375976562,zero,outputs/dog_deltaf_grad/mm_grad/layer_1_delta_grad.npy,"[2965, 4148, 1307, 123, 5079, 4, 4697, 4931, 848, 1848, 1936, 1863, 4318, 3198, 2012, 1344, 3142, 2384, 1402, 2172]"
1,100,top_delta_grad,0,0.22523583471775055,0.22521840035915375,1.7434358596801758e-05,0.9993354678153992,0.0006645321846008301,zero,outputs/dog_deltaf_grad/mm_grad/layer_1_delta_grad.npy,"[2415, 2061, 3926, 2617, 4304, 1975, 1969, 1544, 4709, 3722, 2198, 3794, 2400, 2701, 1620, 3927, 3630, 4636, 3135, 3643]"
1,100,random,0,0.22523583471775055,0.2249082326889038,0.0003276020288467407,0.9998254179954529,0.00017458200454711914,zero,outputs/dog_deltaf_grad/mm_grad/layer_1_delta_grad.npy,"[1938, 4356, 719, 4738, 214, 3408, 2513, 3429, 4652, 4663, 4267, 3132, 4904, 2536, 2652, 3129, 2114, 4306, 1460, 238]"
1,100,random,1,0.22523583471775055,0.22485044598579407,0.00038538873195648193,0.999835729598999,0.00016427040100097656,zero,outputs/dog_deltaf_grad/mm_grad/layer_1_delta_grad.npy,"[2669, 4935, 1943, 3939, 4956, 267, 1518, 3331, 3731, 2106, 5070, 2402, 4312, 2955, 2196, 1709, 4818, 864, 5133, 2531]"
1,100,random,2,0.22523583471775055,0.2249710112810135,0.00026482343673706055,0.9998607039451599,0.0001392960548400879,zero,outputs/dog_deltaf_grad/mm_grad/layer_1_delta_grad.npy,"[2196, 4723, 2816, 1887, 909, 1258, 2795, 3834, 2588, 3106, 2890, 4227, 3811, 1961, 356, 1811, 2682, 1807, 4485, 161]"
1,200,top_delta_grad,0,0.22523583471775055,0.2244901955127716,0.0007456392049789429,0.9988240599632263,0.0011759400367736816,zero,outputs/dog_deltaf_grad/mm_grad/layer_1_delta_grad.npy,"[2415, 2061, 3926, 2617, 4304, 1975, 1969, 1544, 4709, 3722, 2198, 3794, 2400, 2701, 1620, 3927, 3630, 4636, 3135, 3643]"
1,200,random,0,0.22523583471775055,0.22478508949279785,0.00045074522495269775,0.9997035264968872,0.00029647350311279297,zero,outputs/dog_deltaf_grad/mm_grad/layer_1_delta_grad.npy,"[2253, 860, 3940, 2254, 1662, 1713, 5146, 4324, 4821, 4214, 671, 2008, 770, 519, 1384, 3023, 1364, 311, 3326, 5179]"
1,200,random,1,0.22523583471775055,0.2246689647436142,0.0005668699741363525,0.9997279047966003,0.0002720952033996582,zero,outputs/dog_deltaf_grad/mm_grad/layer_1_delta_grad.npy,"[1429, 1980, 2758, 3663, 3993, 903, 3359, 2854, 812, 1202, 4239, 1190, 5157, 4175, 2757, 4966, 4920, 4541, 430, 5161]"
1,200,random,2,0.22523583471775055,0.22469604015350342,0.0005397945642471313,0.9997189044952393,0.0002810955047607422,zero,outputs/dog_deltaf_grad/mm_grad/layer_1_delta_grad.npy,"[1633, 4915, 244, 4056, 412, 2400, 2087, 863, 4951, 2145, 747, 1720, 3094, 576, 753, 2037, 3900, 190, 3690, 3844]"
1,500,top_delta_grad,0,0.22523583471775055,0.21846303343772888,0.0067728012800216675,0.9972764849662781,0.002723515033721924,zero,outputs/dog_deltaf_grad/mm_grad/layer_1_delta_grad.npy,"[2415, 2061, 3926, 2617, 4304, 1975, 1969, 1544, 4709, 3722, 2198, 3794, 2400, 2701, 1620, 3927, 3630, 4636, 3135, 3643]"
1,500,random,0,0.22523583471775055,0.22381377220153809,0.0014220625162124634,0.9993411302566528,0.000658869743347168,zero,outputs/dog_deltaf_grad/mm_grad/layer_1_delta_grad.npy,"[4826, 1946, 2081, 1696, 4587, 1647, 1376, 4834, 1795, 1320, 3617, 1587, 2198, 2487, 3740, 2415, 23, 2023, 1291, 2517]"
1,500,random,1,0.22523583471775055,0.22380727529525757,0.001428559422492981,0.9993270039558411,0.0006729960441589355,zero,outputs/dog_deltaf_grad/mm_grad/layer_1_delta_grad.npy,"[4290, 3458, 4679, 5074, 4499, 5128, 4303, 230, 862, 4581, 1375, 3099, 5080, 3485, 5036, 144, 3236, 3323, 2194, 877]"
1,500,random,2,0.22523583471775055,0.22382141649723053,0.0014144182205200195,0.9993155002593994,0.0006844997406005859,zero,outputs/dog_deltaf_grad/mm_grad/layer_1_delta_grad.npy,"[3054, 742, 993, 2884, 1175, 4487, 4078, 2264, 3912, 3742, 4118, 4079, 4725, 2816, 1789, 2867, 4669, 138, 160, 1305]"
2,50,top_delta_grad,0,0.22523583471775055,0.22531044483184814,-7.461011409759521e-05,0.9996028542518616,0.00039714574813842773,zero,outputs/dog_deltaf_grad/mm_grad/layer_2_delta_grad.npy,"[2415, 2061, 1975, 2617, 4304, 1969, 3926, 4709, 1544, 3135, 2198, 1542, 3643, 1266, 1620, 3580, 3140, 3722, 4637, 4636]"
2,50,random,0,0.22523583471775055,0.22509795427322388,0.00013788044452667236,0.9999216794967651,7.832050323486328e-05,zero,outputs/dog_deltaf_grad/mm_grad/layer_2_delta_grad.npy,"[3656, 2953, 4327, 3200, 1527, 1684, 1650, 3692, 2726, 884, 1539, 4267, 1117, 3149, 5006, 1240, 4840, 3544, 5106, 466]"
2,50,random,1,0.22523583471775055,0.22506201267242432,0.0001738220453262329,0.9999088644981384,9.113550186157227e-05,zero,outputs/dog_deltaf_grad/mm_grad/layer_2_delta_grad.npy,"[1831, 3126, 4180, 1391, 1510, 4075, 3827, 3015, 3325, 3501, 3157, 3496, 568, 2891, 4867, 2062, 780, 1732, 2116, 3874]"
2,50,random,2,0.22523583471775055,0.2251562625169754,7.957220077514648e-05,0.999932587146759,6.74128532409668e-05,zero,outputs/dog_deltaf_grad/mm_grad/layer_2_delta_grad.npy,"[1931, 477, 316, 3885, 3763, 4336, 1985, 4300, 1811, 612, 1935, 2205, 601, 4180, 3081, 3354, 3090, 1090, 4555, 4014]"
2,100,top_delta_grad,0,0.22523583471775055,0.2252090573310852,2.6777386665344238e-05,0.9993155598640442,0.0006844401359558105,zero,outputs/dog_deltaf_grad/mm_grad/layer_2_delta_grad.npy,"[2415, 2061, 1975, 2617, 4304, 1969, 3926, 4709, 1544, 3135, 2198, 1542, 3643, 1266, 1620, 3580, 3140, 3722, 4637, 4636]"
2,100,random,0,0.22523583471775055,0.2249874621629715,0.00024837255477905273,0.9998523592948914,0.00014764070510864258,zero,outputs/dog_deltaf_grad/mm_grad/layer_2_delta_grad.npy,"[284, 321, 530, 2581, 4473, 140, 1116, 28, 3868, 2363, 3817, 4377, 1220, 409, 283, 3671, 547, 2762, 4810, 3411]"
2,100,random,1,0.22523583471775055,0.22493904829025269,0.00029678642749786377,0.9998530149459839,0.00014698505401611328,zero,outputs/dog_deltaf_grad/mm_grad/layer_2_delta_grad.npy,"[1872, 1254, 4258, 4600, 3821, 1086, 1342, 828, 4487, 3859, 2857, 4631, 4461, 669, 597, 4257, 3477, 1067, 46, 3836]"
2,100,random,2,0.22523583471775055,0.22490224242210388,0.0003335922956466675,0.9998331069946289,0.00016689300537109375,zero,outputs/dog_deltaf_grad/mm_grad/layer_2_delta_grad.npy,"[2665, 3763, 3155, 4649, 4736, 736, 1829, 1935, 2527, 2772, 4717, 1003, 1393, 4146, 1038, 2170, 229, 2659, 193, 2601]"
2,200,top_delta_grad,0,0.22523583471775055,0.22450503706932068,0.0007307976484298706,0.9987689256668091,0.001231074333190918,zero,outputs/dog_deltaf_grad/mm_grad/layer_2_delta_grad.npy,"[2415, 2061, 1975, 2617, 4304, 1969, 3926, 4709, 1544, 3135, 2198, 1542, 3643, 1266, 1620, 3580, 3140, 3722, 4637, 4636]"
2,200,random,0,0.22523583471775055,0.22470135986804962,0.0005344748497009277,0.9996939301490784,0.00030606985092163086,zero,outputs/dog_deltaf_grad/mm_grad/layer_2_delta_grad.npy,"[3047, 262, 3016, 48, 5069, 4375, 3810, 2748, 1730, 4, 19, 2430, 2041, 952, 3946, 683, 4867, 801, 1647, 1034]"
2,200,random,1,0.22523583471775055,0.22466284036636353,0.0005729943513870239,0.999671459197998,0.0003285408020019531,zero,outputs/dog_deltaf_grad/mm_grad/layer_2_delta_grad.npy,"[2578, 993, 783, 1680, 3129, 594, 4480, 4426, 2171, 3266, 1346, 702, 1859, 1034, 1044, 1331, 623, 745, 2350, 1370]"
2,200,random,2,0.22523583471775055,0.22471188008785248,0.0005239546298980713,0.999759316444397,0.00024068355560302734,zero,outputs/dog_deltaf_grad/mm_grad/layer_2_delta_grad.npy,"[1599, 3912, 3176, 3694, 4923, 2825, 3921, 555, 2872, 4096, 4724, 978, 3253, 4866, 866, 2757, 5034, 2768, 502, 1800]"
2,500,top_delta_grad,0,0.22523583471775055,0.21873584389686584,0.006499990820884705,0.9972407221794128,0.002759277820587158,zero,outputs/dog_deltaf_grad/mm_grad/layer_2_delta_grad.npy,"[2415, 2061, 1975, 2617, 4304, 1969, 3926, 4709, 1544, 3135, 2198, 1542, 3643, 1266, 1620, 3580, 3140, 3722, 4637, 4636]"
2,500,random,0,0.22523583471775055,0.22366656363010406,0.0015692710876464844,0.9992859363555908,0.0007140636444091797,zero,outputs/dog_deltaf_grad/mm_grad/layer_2_delta_grad.npy,"[1687, 3456, 4768, 3510, 2271, 1143, 5081, 5046, 4771, 3434, 2471, 2957, 1263, 2444, 1718, 4116, 3585, 206, 1428, 4411]"
2,500,random,1,0.22523583471775055,0.22366029024124146,0.0015755444765090942,0.9992615580558777,0.0007384419441223145,zero,outputs/dog_deltaf_grad/mm_grad/layer_2_delta_grad.npy,"[529, 4509, 3097, 3346, 3312, 1104, 2595, 3601, 1463, 2973, 1785, 1981, 582, 4559, 680, 4054, 305, 135, 2139, 1350]"
2,500,random,2,0.22523583471775055,0.22388531267642975,0.0013505220413208008,0.9993020296096802,0.0006979703903198242,zero,outputs/dog_deltaf_grad/mm_grad/layer_2_delta_grad.npy,"[1218, 1451, 4162, 1692, 520, 2284, 4534, 3339, 808, 48, 570, 947, 2112, 3669, 584, 1440, 4621, 800, 3347, 2324]"
3,50,top_delta_grad,0,0.22523583471775055,0.22552461922168732,-0.0002887845039367676,0.9994412064552307,0.0005587935447692871,zero,outputs/dog_deltaf_grad/mm_grad/layer_3_delta_grad.npy,"[4304, 3926, 1542, 4709, 4636, 1613, 4637, 3722, 1839, 2400, 4305, 3854, 2198, 3794, 3927, 3643, 4215, 2701, 2415, 2107]"
3,50,random,0,0.22523583471775055,0.2250629961490631,0.00017283856868743896,0.9998915195465088,0.00010848045349121094,zero,outputs/dog_deltaf_grad/mm_grad/layer_3_delta_grad.npy,"[2608, 2288, 3522, 3943, 4336, 4233, 1611, 807, 886, 3655, 2194, 501, 3683, 2389, 4258, 3669, 2545, 3435, 3042, 4773]"
3,50,random,1,0.22523583471775055,0.22511093318462372,0.00012490153312683105,0.9999229907989502,7.700920104980469e-05,zero,outputs/dog_deltaf_grad/mm_grad/layer_3_delta_grad.npy,"[937, 2236, 1119, 2911, 3272, 3125, 3988, 3469, 4566, 1033, 2652, 1375, 1348, 3373, 2594, 3604, 1233, 4034, 3539, 9]"
3,50,random,2,0.22523583471775055,0.22508665919303894,0.0001491755247116089,0.9999101161956787,8.988380432128906e-05,zero,outputs/dog_deltaf_grad/mm_grad/layer_3_delta_grad.npy,"[2889, 1096, 391, 4286, 988, 128, 5095, 2090, 3724, 358, 1710, 2141, 603, 1026, 3636, 5010, 280, 3222, 3903, 1699]"
3,100,top_delta_grad,0,0.22523583471775055,0.22522956132888794,6.273388862609863e-06,0.9993283748626709,0.0006716251373291016,zero,outputs/dog_deltaf_grad/mm_grad/layer_3_delta_grad.npy,"[4304, 3926, 1542, 4709, 4636, 1613, 4637, 3722, 1839, 2400, 4305, 3854, 2198, 3794, 3927, 3643, 4215, 2701, 2415, 2107]"
3,100,random,0,0.22523583471775055,0.22493873536586761,0.00029709935188293457,0.9998677968978882,0.0001322031021118164,zero,outputs/dog_deltaf_grad/mm_grad/layer_3_delta_grad.npy,"[1407, 5152, 4972, 2265, 1989, 971, 1035, 1283, 4103, 1386, 3800, 3046, 2851, 3474, 3520, 2390, 2120, 4581, 460, 3886]"
3,100,random,1,0.22523583471775055,0.2249194234609604,0.00031641125679016113,0.9998440146446228,0.00015598535537719727,zero,outputs/dog_deltaf_grad/mm_grad/layer_3_delta_grad.npy,"[2613, 1393, 1397, 3849, 2918, 2629, 1770, 4910, 3745, 1385, 4420, 1746, 4011, 4703, 672, 1281, 4514, 2262, 4265, 2214]"
3,100,random,2,0.22523583471775055,0.2249617725610733,0.0002740621566772461,0.9998652338981628,0.0001347661018371582,zero,outputs/dog_deltaf_grad/mm_grad/layer_3_delta_grad.npy,"[2582, 399, 3294, 1214, 1002, 4972, 1897, 792, 671, 3450, 288, 4151, 2735, 2748, 2579, 3617, 401, 2789, 467, 735]"
3,200,top_delta_grad,0,0.22523583471775055,0.2247675061225891,0.000468328595161438,0.9987432956695557,0.001256704330444336,zero,outputs/dog_deltaf_grad/mm_grad/layer_3_delta_grad.npy,"[4304, 3926, 1542, 4709, 4636, 1613, 4637, 3722, 1839, 2400, 4305, 3854, 2198, 3794, 3927, 3643, 4215, 2701, 2415, 2107]"
3,200,random,0,0.22523583471775055,0.22461427748203278,0.0006215572357177734,0.9996881484985352,0.00031185150146484375,zero,outputs/dog_deltaf_grad/mm_grad/layer_3_delta_grad.npy,"[102, 3979, 4335, 872, 3715, 4398, 1303, 2162, 3129, 1203, 2046, 1857, 2208, 4775, 5061, 3687, 1690, 2320, 4382, 4501]"
3,200,random,1,0.22523583471775055,0.22459039092063904,0.0006454437971115112,0.9996881484985352,0.00031185150146484375,zero,outputs/dog_deltaf_grad/mm_grad/layer_3_delta_grad.npy,"[4599, 2351, 22, 3401, 1625, 5001, 182, 1720, 26, 2775, 2656, 4844, 3123, 2391, 2980, 1376, 723, 4377, 2005, 1258]"
3,200,random,2,0.22523583471775055,0.2245813012123108,0.0006545335054397583,0.9996656775474548,0.000334322452545166,zero,outputs/dog_deltaf_grad/mm_grad/layer_3_delta_grad.npy,"[1153, 3089, 771, 4593, 2077, 4989, 515, 4740, 229, 2424, 1224, 1783, 3061, 4962, 2584, 3619, 4468, 2347, 2982, 5017]"
3,500,top_delta_grad,0,0.22523583471775055,0.21812313795089722,0.0071126967668533325,0.9971263408660889,0.002873659133911133,zero,outputs/dog_deltaf_grad/mm_grad/layer_3_delta_grad.npy,"[4304, 3926, 1542, 4709, 4636, 1613, 4637, 3722, 1839, 2400, 4305, 3854, 2198, 3794, 3927, 3643, 4215, 2701, 2415, 2107]"
3,500,random,0,0.22523583471775055,0.22379156947135925,0.0014442652463912964,0.9993071556091309,0.0006928443908691406,zero,outputs/dog_deltaf_grad/mm_grad/layer_3_delta_grad.npy,"[288, 610, 4012, 768, 1174, 5118, 2555, 3229, 4866, 4461, 771, 2939, 1556, 2739, 1583, 557, 2919, 2517, 4311, 1716]"
3,500,random,1,0.22523583471775055,0.22377872467041016,0.001457110047340393,0.9993141889572144,0.0006858110427856445,zero,outputs/dog_deltaf_grad/mm_grad/layer_3_delta_grad.npy,"[2111, 131, 2299, 1460, 477, 2329, 3624, 1049, 4675, 609, 3600, 1716, 2901, 1138, 3641, 3005, 3015, 2658, 235, 1205]"
3,500,random,2,0.22523583471775055,0.22387531399726868,0.0013605207204818726,0.9993032813072205,0.000696718692779541,zero,outputs/dog_deltaf_grad/mm_grad/layer_3_delta_grad.npy,"[1590, 2535, 3711, 2252, 617, 3227, 2806, 1290, 1523, 4177, 2028, 4446, 800, 2532, 2756, 4754, 3239, 895, 4337, 1715]"
4,50,top_delta_grad,0,0.22523583471775055,0.22559502720832825,-0.00035919249057769775,0.9994887113571167,0.0005112886428833008,zero,outputs/dog_deltaf_grad/mm_grad/layer_4_delta_grad.npy,"[4304, 4636, 4709, 1542, 3926, 4305, 3854, 4215, 3722, 4637, 2701, 4567, 3794, 3924, 4377, 4071, 4564, 1613, 3927, 3937]"
4,50,random,0,0.22523583471775055,0.22506774961948395,0.00016808509826660156,0.9998799562454224,0.00012004375457763672,zero,outputs/dog_deltaf_grad/mm_grad/layer_4_delta_grad.npy,"[2546, 4797, 989, 3023, 3314, 644, 1198, 2695, 1522, 1066, 796, 1328, 521, 923, 1369, 635, 2984, 1234, 3198, 2438]"
4,50,random,1,0.22523583471775055,0.22506162524223328,0.00017420947551727295,0.9998902678489685,0.00010973215103149414,zero,outputs/dog_deltaf_grad/mm_grad/layer_4_delta_grad.npy,"[1261, 4152, 3358, 4977, 3281, 280, 2173, 874, 2863, 4149, 4217, 965, 2804, 261, 2693, 3332, 1567, 3759, 5036, 4813]"
4,50,random,2,0.22523583471775055,0.2250814288854599,0.00015440583229064941,0.9999197721481323,8.022785186767578e-05,zero,outputs/dog_deltaf_grad/mm_grad/layer_4_delta_grad.npy,"[3227, 2934, 2270, 3481, 4779, 192, 1515, 3235, 4260, 2147, 3865, 4590, 2036, 3845, 3916, 2937, 115, 4179, 3645, 5123]"
4,100,top_delta_grad,0,0.22523583471775055,0.22540777921676636,-0.0001719444990158081,0.9994194507598877,0.0005805492401123047,zero,outputs/dog_deltaf_grad/mm_grad/layer_4_delta_grad.npy,"[4304, 4636, 4709, 1542, 3926, 4305, 3854, 4215, 3722, 4637, 2701, 4567, 3794, 3924, 4377, 4071, 4564, 1613, 3927, 3937]"
4,100,random,0,0.22523583471775055,0.22489210963249207,0.0003437250852584839,0.9998395442962646,0.00016045570373535156,zero,outputs/dog_deltaf_grad/mm_grad/layer_4_delta_grad.npy,"[3727, 4335, 2590, 3812, 839, 2184, 3625, 2153, 4943, 1138, 1227, 376, 96, 458, 1571, 855, 4870, 3762, 2873, 184]"
4,100,random,1,0.22523583471775055,0.22493357956409454,0.00030225515365600586,0.9998061656951904,0.0001938343048095703,zero,outputs/dog_deltaf_grad/mm_grad/layer_4_delta_grad.npy,"[4364, 2279, 4770, 366, 2398, 4937, 3175, 4171, 5100, 4466, 1540, 1404, 2011, 380, 866, 4010, 3414, 3248, 979, 3685]"
4,100,random,2,0.22523583471775055,0.2248975932598114,0.00033824145793914795,0.9998260736465454,0.00017392635345458984,zero,outputs/dog_deltaf_grad/mm_grad/layer_4_delta_grad.npy,"[4885, 1752, 1876, 3993, 2007, 610, 390, 2529, 1401, 127, 851, 4188, 818, 1285, 3476, 908, 638, 3750, 4899, 2649]"
4,200,top_delta_grad,0,0.22523583471775055,0.22478601336479187,0.0004498213529586792,0.9986965656280518,0.0013034343719482422,zero,outputs/dog_deltaf_grad/mm_grad/layer_4_delta_grad.npy,"[4304, 4636, 4709, 1542, 3926, 4305, 3854, 4215, 3722, 4637, 2701, 4567, 3794, 3924, 4377, 4071, 4564, 1613, 3927, 3937]"
4,200,random,0,0.22523583471775055,0.22467388212680817,0.0005619525909423828,0.9997285604476929,0.0002714395523071289,zero,outputs/dog_deltaf_grad/mm_grad/layer_4_delta_grad.npy,"[263, 4392, 1652, 4988, 1206, 1502, 4854, 4958, 2056, 2258, 1537, 1349, 5019, 4027, 1199, 4362, 803, 968, 2150, 2793]"
4,200,random,1,0.22523583471775055,0.2246180772781372,0.0006177574396133423,0.9997291564941406,0.000270843505859375,zero,outputs/dog_deltaf_grad/mm_grad/layer_4_delta_grad.npy,"[455, 4484, 2397, 2390, 2983, 4891, 2210, 458, 54, 1044, 516, 3677, 4159, 2648, 4820, 3082, 937, 208, 3060, 513]"
4,200,random,2,0.22523583471775055,0.2245427519083023,0.0006930828094482422,0.9996566772460938,0.00034332275390625,zero,outputs/dog_deltaf_grad/mm_grad/layer_4_delta_grad.npy,"[4066, 1718, 3533, 1153, 4578, 4471, 1714, 2866, 1264, 3739, 4842, 913, 1527, 2377, 895, 4054, 1659, 1070, 1764, 5143]"
4,500,top_delta_grad,0,0.22523583471775055,0.2187032252550125,0.006532609462738037,0.997298002243042,0.002701997756958008,zero,outputs/dog_deltaf_grad/mm_grad/layer_4_delta_grad.npy,"[4304, 4636, 4709, 1542, 3926, 4305, 3854, 4215, 3722, 4637, 2701, 4567, 3794, 3924, 4377, 4071, 4564, 1613, 3927, 3937]"
4,500,random,0,0.22523583471775055,0.22372211515903473,0.0015137195587158203,0.9992974996566772,0.0007025003433227539,zero,outputs/dog_deltaf_grad/mm_grad/layer_4_delta_grad.npy,"[4392, 4403, 2532, 3352, 4229, 752, 4561, 1356, 1107, 1949, 2880, 1120, 3984, 3004, 757, 2551, 2479, 74, 218, 2945]"
4,500,random,1,0.22523583471775055,0.22375063598155975,0.001485198736190796,0.9992981553077698,0.0007018446922302246,zero,outputs/dog_deltaf_grad/mm_grad/layer_4_delta_grad.npy,"[1039, 1991, 1924, 2552, 4423, 4138, 4838, 4806, 1479, 736, 1319, 678, 4106, 2223, 1923, 1743, 1332, 4569, 1555, 5061]"
4,500,random,2,0.22523583471775055,0.22373250126838684,0.0015033334493637085,0.9993116855621338,0.0006883144378662109,zero,outputs/dog_deltaf_grad/mm_grad/layer_4_delta_grad.npy,"[2737, 1942, 1947, 2217, 2122, 240, 573, 590, 4504, 4754, 1580, 4896, 405, 4062, 954, 859, 2916, 2802, 4581, 1256]"
5,50,top_delta_grad,0,0.22523583471775055,0.22536107897758484,-0.00012524425983428955,0.9996188879013062,0.00038111209869384766,zero,outputs/dog_deltaf_grad/mm_grad/layer_5_delta_grad.npy,"[4304, 4215, 1542, 4636, 3854, 3926, 4071, 4143, 4305, 4709, 3924, 3936, 4214, 3722, 4567, 1613, 4377, 4286, 4508, 2337]"
5,50,random,0,0.22523583471775055,0.22510114312171936,0.00013469159603118896,0.9999223351478577,7.766485214233398e-05,zero,outputs/dog_deltaf_grad/mm_grad/layer_5_delta_grad.npy,"[380, 4826, 884, 179, 3299, 123, 4082, 794, 5046, 244, 5032, 3339, 46, 4905, 5029, 644, 3452, 1245, 1091, 4256]"
5,50,random,1,0.22523583471775055,0.2251155972480774,0.00012023746967315674,0.9999281167984009,7.18832015991211e-05,zero,outputs/dog_deltaf_grad/mm_grad/layer_5_delta_grad.npy,"[1489, 2739, 1212, 412, 1543, 2400, 4879, 2319, 1242, 4901, 2871, 2709, 3965, 2752, 4884, 912, 4937, 5007, 85, 3278]"
5,50,random,2,0.22523583471775055,0.22511087357997894,0.00012496113777160645,0.9999274611473083,7.253885269165039e-05,zero,outputs/dog_deltaf_grad/mm_grad/layer_5_delta_grad.npy,"[2603, 5172, 4150, 2125, 3853, 2814, 1410, 3939, 1339, 3906, 3938, 1969, 2686, 371, 2674, 533, 3670, 4803, 1098, 3967]"
5,100,top_delta_grad,0,0.22523583471775055,0.22530663013458252,-7.079541683197021e-05,0.9994040131568909,0.0005959868431091309,zero,outputs/dog_deltaf_grad/mm_grad/layer_5_delta_grad.npy,"[4304, 4215, 1542, 4636, 3854, 3926, 4071, 4143, 4305, 4709, 3924, 3936, 4214, 3722, 4567, 1613, 4377, 4286, 4508, 2337]"
5,100,random,0,0.22523583471775055,0.2249125838279724,0.0003232508897781372,0.9998388886451721,0.00016111135482788086,zero,outputs/dog_deltaf_grad/mm_grad/layer_5_delta_grad.npy,"[4225, 1420, 814, 2290, 905, 4790, 4723, 2941, 692, 2193, 4730, 4452, 4770, 664, 1810, 3481, 357, 2353, 4142, 393]"
5,100,random,1,0.22523583471775055,0.224886953830719,0.0003488808870315552,0.9998235106468201,0.00017648935317993164,zero,outputs/dog_deltaf_grad/mm_grad/layer_5_delta_grad.npy,"[3000, 3042, 526, 212, 2437, 4908, 2474, 378, 4148, 3362, 3365, 2000, 4560, 4114, 2444, 4184, 5017, 537, 3196, 1367]"
5,100,random,2,0.22523583471775055,0.22487622499465942,0.0003596097230911255,0.9997984766960144,0.0002015233039855957,zero,outputs/dog_deltaf_grad/mm_grad/layer_5_delta_grad.npy,"[4453, 3731, 1947, 2976, 4864, 3695, 3924, 4029, 2657, 235, 4938, 2967, 5121, 4610, 4458, 1730, 1994, 4625, 2063, 710]"
5,200,top_delta_grad,0,0.22523583471775055,0.2249194234609604,0.00031641125679016113,0.9987727403640747,0.001227259635925293,zero,outputs/dog_deltaf_grad/mm_grad/layer_5_delta_grad.npy,"[4304, 4215, 1542, 4636, 3854, 3926, 4071, 4143, 4305, 4709, 3924, 3936, 4214, 3722, 4567, 1613, 4377, 4286, 4508, 2337]"
5,200,random,0,0.22523583471775055,0.2246192991733551,0.0006165355443954468,0.9997099041938782,0.00029009580612182617,zero,outputs/dog_deltaf_grad/mm_grad/layer_5_delta_grad.npy,"[4774, 693, 1430, 4331, 4290, 1825, 444, 4149, 1478, 1002, 403, 1337, 2958, 3568, 3339, 216, 1822, 4679, 3833, 5175]"
5,200,random,1,0.22523583471775055,0.22466765344142914,0.0005681812763214111,0.9997259974479675,0.0002740025520324707,zero,outputs/dog_deltaf_grad/mm_grad/layer_5_delta_grad.npy,"[424, 4727, 3710, 4824, 856, 1401, 4930, 1574, 1502, 563, 3300, 1938, 1559, 1527, 672, 1904, 2381, 600, 210, 2590]"
5,200,random,2,0.22523583471775055,0.22474463284015656,0.0004912018775939941,0.9997420310974121,0.0002579689025878906,zero,outputs/dog_deltaf_grad/mm_grad/layer_5_delta_grad.npy,"[143, 3408, 1006, 2082, 2524, 3898, 5044, 362, 792, 2855, 744, 1479, 3002, 1771, 2037, 2655, 4404, 3593, 82, 2859]"
5,500,top_delta_grad,0,0.22523583471775055,0.2197049856185913,0.005530849099159241,0.9973860383033752,0.002613961696624756,zero,outputs/dog_deltaf_grad/mm_grad/layer_5_delta_grad.npy,"[4304, 4215, 1542, 4636, 3854, 3926, 4071, 4143, 4305, 4709, 3924, 3936, 4214, 3722, 4567, 1613, 4377, 4286, 4508, 2337]"
5,500,random,0,0.22523583471775055,0.22368115186691284,0.0015546828508377075,0.9992904663085938,0.00070953369140625,zero,outputs/dog_deltaf_grad/mm_grad/layer_5_delta_grad.npy,"[364, 2580, 4838, 3227, 316, 2229, 3973, 852, 1578, 2189, 5015, 3854, 3269, 691, 4974, 4887, 3196, 1019, 3682, 3689]"
5,500,random,1,0.22523583471775055,0.22380806505680084,0.001427769660949707,0.9993308782577515,0.0006691217422485352,zero,outputs/dog_deltaf_grad/mm_grad/layer_5_delta_grad.npy,"[525, 88, 141, 1205, 72, 4691, 2828, 2826, 3016, 857, 199, 254, 2695, 4953, 3820, 2641, 1301, 1730, 3965, 1264]"
5,500,random,2,0.22523583471775055,0.22376322746276855,0.0014726072549819946,0.9992802143096924,0.0007197856903076172,zero,outputs/dog_deltaf_grad/mm_grad/layer_5_delta_grad.npy,"[4524, 1236, 3480, 5174, 1112, 4835, 2654, 2020, 2437, 3146, 1801, 2464, 3570, 4222, 1959, 3253, 2459, 1844, 4052, 1356]"
