layer,attention_module,module_name,call_index,head_index,mean_abs_grad,max_abs_grad,grad_x_activation,l2_grad,head_importance_normalized,target_mask_index,notes
0,self_attn,transformer.encoder.layers.0.self_attn,0,0,2.471155085004284e-07,2.8371810913085938e-05,1.9560163266874042e-08,0.00035031247534789145,0.09666373997963866,0,"true pre-out-projection SDPA head output [B,H,T,D]"
0,self_attn,transformer.encoder.layers.0.self_attn,0,1,2.603475195428473e-07,3.409385681152344e-05,1.6655674173193802e-08,0.000406358070904389,0.08231013900532164,0,"true pre-out-projection SDPA head output [B,H,T,D]"
0,self_attn,transformer.encoder.layers.0.self_attn,0,2,2.0302445591369178e-07,2.8133392333984375e-05,1.6054183760161322e-08,0.00029485116829164326,0.07933765293287237,0,"true pre-out-projection SDPA head output [B,H,T,D]"
0,self_attn,transformer.encoder.layers.0.self_attn,0,3,2.0290400470912573e-07,2.2411346435546875e-05,1.2192571396951735e-08,0.0002832462196238339,0.06025407534271946,0,"true pre-out-projection SDPA head output [B,H,T,D]"
0,self_attn,transformer.encoder.layers.0.self_attn,0,4,2.4518388386240986e-07,2.968311309814453e-05,2.6659833451958548e-08,0.00034543834044598043,0.13174937108346726,0,"true pre-out-projection SDPA head output [B,H,T,D]"
0,self_attn,transformer.encoder.layers.0.self_attn,0,5,2.3682096639277006e-07,3.337860107421875e-05,2.2627288487342412e-08,0.00033319558133371174,0.11182106718346867,0,"true pre-out-projection SDPA head output [B,H,T,D]"
0,self_attn,transformer.encoder.layers.0.self_attn,0,6,1.888234493208074e-07,2.7060508728027344e-05,1.4317417473819205e-08,0.0002616010024212301,0.07075478363787559,0,"true pre-out-projection SDPA head output [B,H,T,D]"
0,self_attn,transformer.encoder.layers.0.self_attn,0,7,2.5244540324820264e-07,3.6716461181640625e-05,1.9614454060956632e-08,0.00036669327528215945,0.09693203790388835,0,"true pre-out-projection SDPA head output [B,H,T,D]"
0,cross_attn_image,transformer.encoder.layers.0.cross_attn_image,0,0,2.8124972573095874e-07,3.4332275390625e-05,8.818150831757521e-08,0.00044656454701907933,0.4357813518590669,0,"true pre-out-projection SDPA head output [B,H,T,D]"
0,cross_attn_image,transformer.encoder.layers.0.cross_attn_image,0,1,2.826454306159576e-07,4.124641418457031e-05,4.821428589707466e-08,0.0004363097541499883,0.23826862443176333,0,"true pre-out-projection SDPA head output [B,H,T,D]"
0,cross_attn_image,transformer.encoder.layers.0.cross_attn_image,0,2,2.782746548746218e-07,4.935264587402344e-05,6.344882308439992e-08,0.0004216990200802684,0.3135556924021877,0,"true pre-out-projection SDPA head output [B,H,T,D]"
0,cross_attn_image,transformer.encoder.layers.0.cross_attn_image,0,3,2.7369785016162496e-07,3.3855438232421875e-05,8.3158859354171e-08,0.00040393107337877154,0.41096008494102776,0,"true pre-out-projection SDPA head output [B,H,T,D]"
0,cross_attn_image,transformer.encoder.layers.0.cross_attn_image,0,4,2.895261275170924e-07,3.218650817871094e-05,7.87354750286795e-08,0.00042383308755233884,0.3891003046091608,0,"true pre-out-projection SDPA head output [B,H,T,D]"
0,cross_attn_image,transformer.encoder.layers.0.cross_attn_image,0,5,3.094496605626773e-07,4.124641418457031e-05,4.6438088929789956e-08,0.00047182521666400135,0.22949089392636401,0,"true pre-out-projection SDPA head output [B,H,T,D]"
0,cross_attn_image,transformer.encoder.layers.0.cross_attn_image,0,6,2.8965939691261156e-07,3.4809112548828125e-05,6.038729338797566e-08,0.00045473838690668344,0.2984260175381603,0,"true pre-out-projection SDPA head output [B,H,T,D]"
0,cross_attn_image,transformer.encoder.layers.0.cross_attn_image,0,7,2.8897960646645515e-07,3.4809112548828125e-05,7.439942351084028e-08,0.0004270989156793803,0.367672111462708,0,"true pre-out-projection SDPA head output [B,H,T,D]"
1,self_attn,transformer.encoder.layers.1.self_attn,0,0,3.6498971667242586e-07,3.981590270996094e-05,1.0271018169305535e-07,0.0004990230081602931,0.5075801342237783,0,"true pre-out-projection SDPA head output [B,H,T,D]"
1,self_attn,transformer.encoder.layers.1.self_attn,0,1,3.619404367327661e-07,3.62396240234375e-05,1.7665348650552914e-07,0.0004951756563968956,0.8729981674021083,0,"true pre-out-projection SDPA head output [B,H,T,D]"
1,self_attn,transformer.encoder.layers.1.self_attn,0,2,3.1693426194578933e-07,4.363059997558594e-05,1.358396417572294e-07,0.0004436974704731256,0.6713015443989465,0,"true pre-out-projection SDPA head output [B,H,T,D]"
1,self_attn,transformer.encoder.layers.1.self_attn,0,3,3.041417642180022e-07,3.838539123535156e-05,7.813267899337006e-08,0.00043097036541439593,0.38612136632409094,0,"true pre-out-projection SDPA head output [B,H,T,D]"
1,self_attn,transformer.encoder.layers.1.self_attn,0,4,2.0681747514572635e-07,2.574920654296875e-05,3.890169963938206e-08,0.0002901194675359875,0.19224705476132697,0,"true pre-out-projection SDPA head output [B,H,T,D]"
1,self_attn,transformer.encoder.layers.1.self_attn,0,5,2.581885780728044e-07,2.6106834411621094e-05,3.872492726486598e-08,0.00035904417745769024,0.1913734690651,0,"true pre-out-projection SDPA head output [B,H,T,D]"
1,self_attn,transformer.encoder.layers.1.self_attn,0,6,3.4116723668375926e-07,6.079673767089844e-05,1.3564702783241955e-07,0.0005021435208618641,0.6703496718562563,0,"true pre-out-projection SDPA head output [B,H,T,D]"
1,self_attn,transformer.encoder.layers.1.self_attn,0,7,1.9496333436563873e-07,2.0384788513183594e-05,3.5199661851947894e-08,0.0002596303238533437,0.1739520736204808,0,"true pre-out-projection SDPA head output [B,H,T,D]"
1,cross_attn_image,transformer.encoder.layers.1.cross_attn_image,0,0,2.7945642955273797e-07,4.458427429199219e-05,2.862369896661221e-08,0.00042316975304856896,0.14145453473028374,0,"true pre-out-projection SDPA head output [B,H,T,D]"
1,cross_attn_image,transformer.encoder.layers.1.cross_attn_image,0,1,2.706417205899925e-07,4.982948303222656e-05,4.622725668923522e-08,0.00044394045835360885,0.22844898887668472,0,"true pre-out-projection SDPA head output [B,H,T,D]"
1,cross_attn_image,transformer.encoder.layers.1.cross_attn_image,0,2,2.7092335130873835e-07,3.838539123535156e-05,5.588445262105779e-08,0.0004175898793619126,0.2761735739810966,0,"true pre-out-projection SDPA head output [B,H,T,D]"
1,cross_attn_image,transformer.encoder.layers.1.cross_attn_image,0,3,2.4176765123229416e-07,3.528594970703125e-05,3.428327843835177e-08,0.0003801286220550537,0.16942342798470916,0,"true pre-out-projection SDPA head output [B,H,T,D]"
1,cross_attn_image,transformer.encoder.layers.1.cross_attn_image,0,4,2.615432492802938e-07,3.695487976074219e-05,3.305595441815967e-08,0.00039258511969819665,0.1633581549938885,0,"true pre-out-projection SDPA head output [B,H,T,D]"
1,cross_attn_image,transformer.encoder.layers.1.cross_attn_image,0,5,2.785020001283556e-07,3.9577484130859375e-05,4.2844831682486983e-08,0.00041028973646461964,0.21173349182832132,0,"true pre-out-projection SDPA head output [B,H,T,D]"
1,cross_attn_image,transformer.encoder.layers.1.cross_attn_image,0,6,2.67472472614827e-07,3.62396240234375e-05,2.56867185299825e-08,0.0004000357002951205,0.12694036583617968,0,"true pre-out-projection SDPA head output [B,H,T,D]"
1,cross_attn_image,transformer.encoder.layers.1.cross_attn_image,0,7,3.1007490974843677e-07,5.4836273193359375e-05,5.84997117414332e-08,0.00045934985973872244,0.28909783867879857,0,"true pre-out-projection SDPA head output [B,H,T,D]"
2,self_attn,transformer.encoder.layers.2.self_attn,0,0,3.641869739112735e-07,5.888938903808594e-05,5.0904677806329346e-08,0.0005778227932751179,0.2515641854355892,0,"true pre-out-projection SDPA head output [B,H,T,D]"
2,self_attn,transformer.encoder.layers.2.self_attn,0,1,3.603442451094452e-07,6.151199340820312e-05,7.675131286077885e-08,0.0005980728892609477,0.3792948375862858,0,"true pre-out-projection SDPA head output [B,H,T,D]"
2,self_attn,transformer.encoder.layers.2.self_attn,0,2,4.0317448224413965e-07,7.724761962890625e-05,7.047437122764677e-08,0.0006560946349054575,0.348275022178098,0,"true pre-out-projection SDPA head output [B,H,T,D]"
2,self_attn,transformer.encoder.layers.2.self_attn,0,3,2.5455639729443647e-07,4.649162292480469e-05,4.951536780595234e-08,0.000389254157198593,0.244698399153785,0,"true pre-out-projection SDPA head output [B,H,T,D]"
2,self_attn,transformer.encoder.layers.2.self_attn,0,4,2.651351280746894e-07,4.315376281738281e-05,4.7317691098669457e-08,0.000388931279303506,0.2338377715151666,0,"true pre-out-projection SDPA head output [B,H,T,D]"
2,self_attn,transformer.encoder.layers.2.self_attn,0,5,3.667614976166078e-07,5.7697296142578125e-05,1.3916373120537173e-07,0.0005613047396764159,0.6877287548317172,0,"true pre-out-projection SDPA head output [B,H,T,D]"
2,self_attn,transformer.encoder.layers.2.self_attn,0,6,3.312949559131084e-07,4.696846008300781e-05,7.853215322484175e-08,0.0005079971742816269,0.388095515144461,0,"true pre-out-projection SDPA head output [B,H,T,D]"
2,self_attn,transformer.encoder.layers.2.self_attn,0,7,2.0838474767970183e-07,2.4080276489257812e-05,5.4852804964866664e-08,0.0003019703144673258,0.27107530770243277,0,"true pre-out-projection SDPA head output [B,H,T,D]"
2,cross_attn_image,transformer.encoder.layers.2.cross_attn_image,0,0,2.3769911194904125e-07,4.0531158447265625e-05,1.0104325376403267e-08,0.0003844297316391021,0.049934239685433986,0,"true pre-out-projection SDPA head output [B,H,T,D]"
2,cross_attn_image,transformer.encoder.layers.2.cross_attn_image,0,1,2.507503893411922e-07,6.198883056640625e-05,1.633929613831242e-08,0.0004270995850674808,0.0807466405988009,0,"true pre-out-projection SDPA head output [B,H,T,D]"
2,cross_attn_image,transformer.encoder.layers.2.cross_attn_image,0,2,2.3760273393236275e-07,5.602836608886719e-05,2.5039517126401734e-08,0.00040956298471428454,0.12374198209384467,0,"true pre-out-projection SDPA head output [B,H,T,D]"
2,cross_attn_image,transformer.encoder.layers.2.cross_attn_image,0,3,2.622765009618888e-07,5.7697296142578125e-05,1.9207213597383088e-08,0.00047036795876920223,0.09491950939157642,0,"true pre-out-projection SDPA head output [B,H,T,D]"
2,cross_attn_image,transformer.encoder.layers.2.cross_attn_image,0,4,2.3618868283392658e-07,6.818771362304688e-05,2.255102593551328e-08,0.0004068342677783221,0.11144418773826079,0,"true pre-out-projection SDPA head output [B,H,T,D]"
2,cross_attn_image,transformer.encoder.layers.2.cross_attn_image,0,5,2.805914789405506e-07,5.3882598876953125e-05,2.2342685923604222e-08,0.00047102203825488687,0.11041459895294435,0,"true pre-out-projection SDPA head output [B,H,T,D]"
2,cross_attn_image,transformer.encoder.layers.2.cross_attn_image,0,6,2.391330724549334e-07,6.4849853515625e-05,1.9084167135474672e-08,0.0004034422745462507,0.09431143005005718,0,"true pre-out-projection SDPA head output [B,H,T,D]"
2,cross_attn_image,transformer.encoder.layers.2.cross_attn_image,0,7,2.1189291032897017e-07,5.030632019042969e-05,2.2343654038081695e-08,0.0003705085255205631,0.11041938324665623,0,"true pre-out-projection SDPA head output [B,H,T,D]"
3,self_attn,transformer.encoder.layers.3.self_attn,0,0,3.479361510017043e-07,3.743171691894531e-05,1.2162453799646755e-07,0.0004441199416760355,0.6010523815997312,0,"true pre-out-projection SDPA head output [B,H,T,D]"
3,self_attn,transformer.encoder.layers.3.self_attn,0,1,4.0369627640757244e-07,4.2438507080078125e-05,1.8157417969177914e-07,0.0005113598890602589,0.8973155823533826,0,"true pre-out-projection SDPA head output [B,H,T,D]"
3,self_attn,transformer.encoder.layers.3.self_attn,0,2,1.6856351692240423e-07,3.409385681152344e-05,6.561582210906636e-08,0.00021842103160452098,0.32426471499052334,0,"true pre-out-projection SDPA head output [B,H,T,D]"
3,self_attn,transformer.encoder.layers.3.self_attn,0,3,1.533148292764963e-07,1.2874603271484375e-05,7.560639403436653e-08,0.00019714856171049178,0.3736368001648118,0,"true pre-out-projection SDPA head output [B,H,T,D]"
3,self_attn,transformer.encoder.layers.3.self_attn,0,4,1.8611383723055042e-07,1.5079975128173828e-05,5.9296674237430125e-08,0.0002280376647831872,0.2930363219335389,0,"true pre-out-projection SDPA head output [B,H,T,D]"
3,self_attn,transformer.encoder.layers.3.self_attn,0,5,2.25031016043431e-07,3.504753112792969e-05,6.13160082707509e-08,0.00027815112844109535,0.30301560366374447,0,"true pre-out-projection SDPA head output [B,H,T,D]"
3,self_attn,transformer.encoder.layers.3.self_attn,0,6,2.547072028846742e-07,2.5391578674316406e-05,1.1618129036605751e-07,0.00031126197427511215,0.5741525716946767,0,"true pre-out-projection SDPA head output [B,H,T,D]"
3,self_attn,transformer.encoder.layers.3.self_attn,0,7,2.74702443903152e-07,2.574920654296875e-05,1.518748433682049e-07,0.0003474038967397064,0.7505453900609839,0,"true pre-out-projection SDPA head output [B,H,T,D]"
3,cross_attn_image,transformer.encoder.layers.3.cross_attn_image,0,0,2.099354503570794e-07,2.288818359375e-05,1.703606855585349e-08,0.00027519938885234296,0.08418999773622515,0,"true pre-out-projection SDPA head output [B,H,T,D]"
3,cross_attn_image,transformer.encoder.layers.3.cross_attn_image,0,1,1.5192311764167243e-07,1.621246337890625e-05,7.690434955520686e-09,0.00019946270913351327,0.03800511246906264,0,"true pre-out-projection SDPA head output [B,H,T,D]"
3,cross_attn_image,transformer.encoder.layers.3.cross_attn_image,0,2,2.0160125302481902e-07,1.9669532775878906e-05,2.3078653654806658e-08,0.0002470324980095029,0.11405165414679531,0,"true pre-out-projection SDPA head output [B,H,T,D]"
3,cross_attn_image,transformer.encoder.layers.3.cross_attn_image,0,3,1.6155834714481898e-07,1.8596649169921875e-05,8.543691976115042e-09,0.0002142465818906203,0.04222179581925817,0,"true pre-out-projection SDPA head output [B,H,T,D]"
3,cross_attn_image,transformer.encoder.layers.3.cross_attn_image,0,4,1.936142837166699e-07,2.9921531677246094e-05,1.0427405605639706e-08,0.00025914685102179646,0.051530859450073824,0,"true pre-out-projection SDPA head output [B,H,T,D]"
3,cross_attn_image,transformer.encoder.layers.3.cross_attn_image,0,5,1.8725407358033408e-07,1.8596649169921875e-05,1.028083929099921e-08,0.00024359411327168345,0.05080654810691769,0,"true pre-out-projection SDPA head output [B,H,T,D]"
3,cross_attn_image,transformer.encoder.layers.3.cross_attn_image,0,6,1.6113560263875115e-07,2.0503997802734375e-05,9.316835303252446e-09,0.00021413242211565375,0.04604256789164518,0,"true pre-out-projection SDPA head output [B,H,T,D]"
3,cross_attn_image,transformer.encoder.layers.3.cross_attn_image,0,7,1.6781801548404474e-07,2.2530555725097656e-05,6.981945244177723e-09,0.00021655394812114537,0.03450385001531368,0,"true pre-out-projection SDPA head output [B,H,T,D]"
4,self_attn,transformer.encoder.layers.4.self_attn,0,0,2.806393410992314e-07,4.100799560546875e-05,1.7351641190543887e-07,0.0003738440864253789,0.8574951596151842,0,"true pre-out-projection SDPA head output [B,H,T,D]"
4,self_attn,transformer.encoder.layers.4.self_attn,0,1,1.4657196345524426e-07,3.647804260253906e-05,7.833401127754769e-08,0.00021538180590141565,0.38711632384574984,0,"true pre-out-projection SDPA head output [B,H,T,D]"
4,self_attn,transformer.encoder.layers.4.self_attn,0,2,1.343176876389407e-07,1.537799835205078e-05,3.0975645159969645e-08,0.0001712116354610771,0.15307754176651983,0,"true pre-out-projection SDPA head output [B,H,T,D]"
4,self_attn,transformer.encoder.layers.4.self_attn,0,3,2.5726123453750915e-07,2.658367156982422e-05,8.365987724801016e-08,0.0003146060334984213,0.4134360491113899,0,"true pre-out-projection SDPA head output [B,H,T,D]"
4,self_attn,transformer.encoder.layers.4.self_attn,0,4,1.974276386818019e-07,3.2901763916015625e-05,7.889715192277436e-08,0.000258989748544991,0.38989929043756477,0,"true pre-out-projection SDPA head output [B,H,T,D]"
4,self_attn,transformer.encoder.layers.4.self_attn,0,5,2.0414861978679255e-07,2.276897430419922e-05,6.666586926939999e-08,0.00025342017761431634,0.32945390918527456,0,"true pre-out-projection SDPA head output [B,H,T,D]"
4,self_attn,transformer.encoder.layers.4.self_attn,0,6,1.5822855914393585e-07,4.029273986816406e-05,5.2310273446209976e-08,0.0002196013374486938,0.25851045319399985,0,"true pre-out-projection SDPA head output [B,H,T,D]"
4,self_attn,transformer.encoder.layers.4.self_attn,0,7,1.3355503369893995e-07,1.1205673217773438e-05,5.767061139749785e-08,0.00016711540229152888,0.28500053442986506,0,"true pre-out-projection SDPA head output [B,H,T,D]"
4,cross_attn_image,transformer.encoder.layers.4.cross_attn_image,0,0,9.562361924508878e-08,1.0788440704345703e-05,1.258283433003271e-08,0.00011319636541884392,0.06218270314466211,0,"true pre-out-projection SDPA head output [B,H,T,D]"
4,cross_attn_image,transformer.encoder.layers.4.cross_attn_image,0,1,1.1548090128599142e-07,1.621246337890625e-05,4.0206993290325954e-09,0.00015171361155807972,0.019869764335562545,0,"true pre-out-projection SDPA head output [B,H,T,D]"
4,cross_attn_image,transformer.encoder.layers.4.cross_attn_image,0,2,1.0336800215782205e-07,1.3232231140136719e-05,3.662641967494551e-09,0.00012486531340982765,0.01810029220890988,0,"true pre-out-projection SDPA head output [B,H,T,D]"
4,cross_attn_image,transformer.encoder.layers.4.cross_attn_image,0,3,1.324677185721157e-07,1.52587890625e-05,3.991370345346468e-09,0.00016221705300267786,0.019724824377024254,0,"true pre-out-projection SDPA head output [B,H,T,D]"
4,cross_attn_image,transformer.encoder.layers.4.cross_attn_image,0,4,1.6175300743270782e-07,1.823902130126953e-05,9.534094402852133e-09,0.00020574084192048758,0.047116233628754896,0,"true pre-out-projection SDPA head output [B,H,T,D]"
4,cross_attn_image,transformer.encoder.layers.4.cross_attn_image,0,5,1.1841621017083526e-07,1.5854835510253906e-05,5.6685021121438695e-09,0.0001471606083214283,0.028012987763259858,0,"true pre-out-projection SDPA head output [B,H,T,D]"
4,cross_attn_image,transformer.encoder.layers.4.cross_attn_image,0,6,1.2163572193912842e-07,1.609325408935547e-05,3.959927497021454e-09,0.00015209017146844417,0.019569437979004987,0,"true pre-out-projection SDPA head output [B,H,T,D]"
4,cross_attn_image,transformer.encoder.layers.4.cross_attn_image,0,7,1.4037316020676371e-07,1.1742115020751953e-05,1.0652645876518818e-08,0.0001599476527189836,0.05264396708011465,0,"true pre-out-projection SDPA head output [B,H,T,D]"
5,self_attn,transformer.encoder.layers.5.self_attn,0,0,6.872834745763612e-08,1.7404556274414062e-05,2.4718600499795684e-08,8.723015344003215e-05,0.12215605456726183,0,"true pre-out-projection SDPA head output [B,H,T,D]"
5,self_attn,transformer.encoder.layers.5.self_attn,0,1,6.344179581674325e-08,7.361173629760742e-06,3.2304498631674505e-08,7.283855666173622e-05,0.1596445598791681,0,"true pre-out-projection SDPA head output [B,H,T,D]"
5,self_attn,transformer.encoder.layers.5.self_attn,0,2,8.12338640798771e-08,1.0728836059570312e-05,6.597847601597095e-08,9.740469249663875e-05,0.3260569026364718,0,"true pre-out-projection SDPA head output [B,H,T,D]"
5,self_attn,transformer.encoder.layers.5.self_attn,0,3,1.3524093844807794e-07,1.2695789337158203e-05,6.333330304642004e-08,0.00014796706091146916,0.3129848076523331,0,"true pre-out-projection SDPA head output [B,H,T,D]"
5,self_attn,transformer.encoder.layers.5.self_attn,0,4,9.000834921835121e-08,1.7762184143066406e-05,5.6041159268716e-08,0.00010689812916098163,0.2769479975089394,0,"true pre-out-projection SDPA head output [B,H,T,D]"
5,self_attn,transformer.encoder.layers.5.self_attn,0,5,1.2281728345442389e-07,1.424551010131836e-05,5.216118736939279e-08,0.00013834284618496895,0.257773689519412,0,"true pre-out-projection SDPA head output [B,H,T,D]"
5,self_attn,transformer.encoder.layers.5.self_attn,0,6,2.282183118040848e-07,2.2649765014648438e-05,2.0235164299720054e-07,0.00023444232647307217,0.9999950581322528,0,"true pre-out-projection SDPA head output [B,H,T,D]"
5,self_attn,transformer.encoder.layers.5.self_attn,0,7,9.60970751862078e-08,3.218650817871094e-05,5.958709081710367e-08,0.00015400160918943584,0.2944715222618962,0,"true pre-out-projection SDPA head output [B,H,T,D]"
5,cross_attn_image,transformer.encoder.layers.5.cross_attn_image,0,0,6.883210801333917e-08,9.59634780883789e-06,8.061894263278191e-09,7.3760595114436e-05,0.03984081524148772,0,"true pre-out-projection SDPA head output [B,H,T,D]"
5,cross_attn_image,transformer.encoder.layers.5.cross_attn_image,0,1,4.9825803927205925e-08,1.4007091522216797e-05,4.2168228908678884e-09,6.47444830974564e-05,0.02083898104027347,0,"true pre-out-projection SDPA head output [B,H,T,D]"
5,cross_attn_image,transformer.encoder.layers.5.cross_attn_image,0,2,6.75779148195943e-08,8.046627044677734e-06,5.728483465361478e-09,6.91788736730814e-05,0.028309407678162764,0,"true pre-out-projection SDPA head output [B,H,T,D]"
5,cross_attn_image,transformer.encoder.layers.5.cross_attn_image,0,3,8.010130159163964e-08,6.973743438720703e-06,2.0719359561383044e-09,8.133669325616211e-05,0.010239233476021209,0,"true pre-out-projection SDPA head output [B,H,T,D]"
5,cross_attn_image,transformer.encoder.layers.5.cross_attn_image,0,4,7.760195330774877e-08,7.599592208862305e-06,1.1206695127441435e-08,8.105611050268635e-05,0.055382005203640824,0,"true pre-out-projection SDPA head output [B,H,T,D]"
5,cross_attn_image,transformer.encoder.layers.5.cross_attn_image,0,5,5.751074283466551e-08,6.556510925292969e-06,4.1970849018468925e-09,6.160711927805096e-05,0.020741438508934906,0,"true pre-out-projection SDPA head output [B,H,T,D]"
5,cross_attn_image,transformer.encoder.layers.5.cross_attn_image,0,6,6.96462123528363e-08,1.5616416931152344e-05,3.714710761215656e-09,7.681216084165499e-05,0.018357609301238767,0,"true pre-out-projection SDPA head output [B,H,T,D]"
5,cross_attn_image,transformer.encoder.layers.5.cross_attn_image,0,7,8.98104346447326e-08,9.953975677490234e-06,5.702093019976928e-09,9.571172995492816e-05,0.02817898958728112,0,"true pre-out-projection SDPA head output [B,H,T,D]"
