layer,prompt_token_index,target_desc,pathway_mean,pathway_max,top_token_index,top_row,top_col,cosine_attn_regiongrad,pearson_attn_regiongrad,npy_path,png_path
2,0,mean_mask_logit,4.012022714050545e-07,2.8372338420012966e-05,3923,54,35,0.3528953476828463,0.027183545948566135,outputs/cat_token_to_mask_pathway/token_to_mask_pathway/layer_2_prompt_token_0_to_mean_mask_logit.npy,outputs/cat_token_to_mask_pathway/token_to_mask_pathway/layer_2_prompt_token_0_to_mean_mask_logit.png
4,0,mean_mask_logit,4.2886489381999127e-07,1.8857326722354628e-05,964,13,28,0.37482634339157717,0.007564381538487173,outputs/cat_token_to_mask_pathway/token_to_mask_pathway/layer_4_prompt_token_0_to_mean_mask_logit.npy,outputs/cat_token_to_mask_pathway/token_to_mask_pathway/layer_4_prompt_token_0_to_mean_mask_logit.png
1,0,mean_mask_logit,2.763797510851873e-07,1.8120743334293365e-05,3923,54,35,0.31624777222036926,-0.2343361147518391,outputs/cat_token_to_mask_pathway/token_to_mask_pathway/layer_1_prompt_token_0_to_mean_mask_logit.npy,outputs/cat_token_to_mask_pathway/token_to_mask_pathway/layer_1_prompt_token_0_to_mean_mask_logit.png
3,0,mean_mask_logit,3.3482047001598403e-07,1.7650248992140405e-05,3923,54,35,0.3645105925607343,0.07037604437843269,outputs/cat_token_to_mask_pathway/token_to_mask_pathway/layer_3_prompt_token_0_to_mean_mask_logit.npy,outputs/cat_token_to_mask_pathway/token_to_mask_pathway/layer_3_prompt_token_0_to_mean_mask_logit.png
0,0,mean_mask_logit,2.2608772098919871e-07,1.65977453434607e-05,3923,54,35,0.31121347910912095,-0.08253255247912332,outputs/cat_token_to_mask_pathway/token_to_mask_pathway/layer_0_prompt_token_0_to_mean_mask_logit.npy,outputs/cat_token_to_mask_pathway/token_to_mask_pathway/layer_0_prompt_token_0_to_mean_mask_logit.png
5,0,mean_mask_logit,2.599581989670696e-07,9.526413123239763e-06,964,13,28,0.3815675550108993,-0.12778014702794904,outputs/cat_token_to_mask_pathway/token_to_mask_pathway/layer_5_prompt_token_0_to_mean_mask_logit.npy,outputs/cat_token_to_mask_pathway/token_to_mask_pathway/layer_5_prompt_token_0_to_mean_mask_logit.png
0,2,mean_mask_logit,8.102665560727473e-08,6.698089691781206e-06,2638,36,46,0.30636367243846907,0.026921857856693876,outputs/cat_token_to_mask_pathway/token_to_mask_pathway/layer_0_prompt_token_2_to_mean_mask_logit.npy,outputs/cat_token_to_mask_pathway/token_to_mask_pathway/layer_0_prompt_token_2_to_mean_mask_logit.png
0,1,mean_mask_logit,5.58681279017037e-08,4.633967819245299e-06,2700,37,36,0.37196011141171453,0.14120327954445047,outputs/cat_token_to_mask_pathway/token_to_mask_pathway/layer_0_prompt_token_1_to_mean_mask_logit.npy,outputs/cat_token_to_mask_pathway/token_to_mask_pathway/layer_0_prompt_token_1_to_mean_mask_logit.png
0,3,mean_mask_logit,5.4576638319758786e-08,3.4564056932140375e-06,3923,54,35,0.28577193357611763,-0.33638824580324134,outputs/cat_token_to_mask_pathway/token_to_mask_pathway/layer_0_prompt_token_3_to_mean_mask_logit.npy,outputs/cat_token_to_mask_pathway/token_to_mask_pathway/layer_0_prompt_token_3_to_mean_mask_logit.png
0,15,mean_mask_logit,5.84968127270713e-08,2.9937002636870602e-06,3923,54,35,0.3811456618030823,0.23456584202245087,outputs/cat_token_to_mask_pathway/token_to_mask_pathway/layer_0_prompt_token_15_to_mean_mask_logit.npy,outputs/cat_token_to_mask_pathway/token_to_mask_pathway/layer_0_prompt_token_15_to_mean_mask_logit.png
0,10,mean_mask_logit,5.0555183150891025e-08,2.6331899789511226e-06,3923,54,35,0.36310670301693593,0.050844709837264516,outputs/cat_token_to_mask_pathway/token_to_mask_pathway/layer_0_prompt_token_10_to_mean_mask_logit.npy,outputs/cat_token_to_mask_pathway/token_to_mask_pathway/layer_0_prompt_token_10_to_mean_mask_logit.png
0,4,mean_mask_logit,4.754371829562842e-08,2.602989525257726e-06,3923,54,35,0.33649167262003316,-0.1694518432450558,outputs/cat_token_to_mask_pathway/token_to_mask_pathway/layer_0_prompt_token_4_to_mean_mask_logit.npy,outputs/cat_token_to_mask_pathway/token_to_mask_pathway/layer_0_prompt_token_4_to_mean_mask_logit.png
0,9,mean_mask_logit,5.01636421290641e-08,2.5722472400957486e-06,3923,54,35,0.3720275500781212,0.1305025213615428,outputs/cat_token_to_mask_pathway/token_to_mask_pathway/layer_0_prompt_token_9_to_mean_mask_logit.npy,outputs/cat_token_to_mask_pathway/token_to_mask_pathway/layer_0_prompt_token_9_to_mean_mask_logit.png
1,3,mean_mask_logit,4.5543703919292966e-08,2.521600436011795e-06,3923,54,35,0.39917802324771545,0.21722581530065693,outputs/cat_token_to_mask_pathway/token_to_mask_pathway/layer_1_prompt_token_3_to_mean_mask_logit.npy,outputs/cat_token_to_mask_pathway/token_to_mask_pathway/layer_1_prompt_token_3_to_mean_mask_logit.png
0,5,mean_mask_logit,4.8179650491420034e-08,2.47491061600158e-06,3923,54,35,0.3201994433429714,-0.2678645024938209,outputs/cat_token_to_mask_pathway/token_to_mask_pathway/layer_0_prompt_token_5_to_mean_mask_logit.npy,outputs/cat_token_to_mask_pathway/token_to_mask_pathway/layer_0_prompt_token_5_to_mean_mask_logit.png
0,6,mean_mask_logit,4.5155321259926495e-08,2.4452831439703004e-06,3923,54,35,0.3438255523894619,-0.11281582913407687,outputs/cat_token_to_mask_pathway/token_to_mask_pathway/layer_0_prompt_token_6_to_mean_mask_logit.npy,outputs/cat_token_to_mask_pathway/token_to_mask_pathway/layer_0_prompt_token_6_to_mean_mask_logit.png
0,14,mean_mask_logit,4.795353092390542e-08,2.3997636162675917e-06,3923,54,35,0.3747807275112047,0.15767597740438877,outputs/cat_token_to_mask_pathway/token_to_mask_pathway/layer_0_prompt_token_14_to_mean_mask_logit.npy,outputs/cat_token_to_mask_pathway/token_to_mask_pathway/layer_0_prompt_token_14_to_mean_mask_logit.png
1,2,mean_mask_logit,3.0054955857394816e-08,2.345484290344757e-06,3923,54,35,0.37873733821469935,0.11014460219235286,outputs/cat_token_to_mask_pathway/token_to_mask_pathway/layer_1_prompt_token_2_to_mean_mask_logit.npy,outputs/cat_token_to_mask_pathway/token_to_mask_pathway/layer_1_prompt_token_2_to_mean_mask_logit.png
0,11,mean_mask_logit,4.789920637904288e-08,2.3007062281976687e-06,3923,54,35,0.3767295199065825,0.15352313316265118,outputs/cat_token_to_mask_pathway/token_to_mask_pathway/layer_0_prompt_token_11_to_mean_mask_logit.npy,outputs/cat_token_to_mask_pathway/token_to_mask_pathway/layer_0_prompt_token_11_to_mean_mask_logit.png
0,7,mean_mask_logit,4.350841109612702e-08,2.296350658070878e-06,3923,54,35,0.3464372052208671,-0.0844267573909966,outputs/cat_token_to_mask_pathway/token_to_mask_pathway/layer_0_prompt_token_7_to_mean_mask_logit.npy,outputs/cat_token_to_mask_pathway/token_to_mask_pathway/layer_0_prompt_token_7_to_mean_mask_logit.png
1,10,mean_mask_logit,4.595381497551898e-08,2.1623181964969262e-06,3923,54,35,0.39994616254941995,0.29579111586967244,outputs/cat_token_to_mask_pathway/token_to_mask_pathway/layer_1_prompt_token_10_to_mean_mask_logit.npy,outputs/cat_token_to_mask_pathway/token_to_mask_pathway/layer_1_prompt_token_10_to_mean_mask_logit.png
1,15,mean_mask_logit,4.8524583462494775e-08,2.15020327232196e-06,3923,54,35,0.3596968392134523,-0.11146622218370113,outputs/cat_token_to_mask_pathway/token_to_mask_pathway/layer_1_prompt_token_15_to_mean_mask_logit.npy,outputs/cat_token_to_mask_pathway/token_to_mask_pathway/layer_1_prompt_token_15_to_mean_mask_logit.png
1,9,mean_mask_logit,4.781729145975078e-08,2.0892491647828138e-06,3923,54,35,0.4057070243746945,0.32686074936320125,outputs/cat_token_to_mask_pathway/token_to_mask_pathway/layer_1_prompt_token_9_to_mean_mask_logit.npy,outputs/cat_token_to_mask_pathway/token_to_mask_pathway/layer_1_prompt_token_9_to_mean_mask_logit.png
0,12,mean_mask_logit,4.0989682759118296e-08,2.0723757643281715e-06,3923,54,35,0.36438917897776907,0.062486451150070746,outputs/cat_token_to_mask_pathway/token_to_mask_pathway/layer_0_prompt_token_12_to_mean_mask_logit.npy,outputs/cat_token_to_mask_pathway/token_to_mask_pathway/layer_0_prompt_token_12_to_mean_mask_logit.png
1,4,mean_mask_logit,4.3560877571735546e-08,2.047857151410426e-06,3923,54,35,0.39987208699604987,0.22332496560748652,outputs/cat_token_to_mask_pathway/token_to_mask_pathway/layer_1_prompt_token_4_to_mean_mask_logit.npy,outputs/cat_token_to_mask_pathway/token_to_mask_pathway/layer_1_prompt_token_4_to_mean_mask_logit.png
0,8,mean_mask_logit,4.0913089804917036e-08,2.0361298993520904e-06,3923,54,35,0.37519328454004475,0.1541552482752683,outputs/cat_token_to_mask_pathway/token_to_mask_pathway/layer_0_prompt_token_8_to_mean_mask_logit.npy,outputs/cat_token_to_mask_pathway/token_to_mask_pathway/layer_0_prompt_token_8_to_mean_mask_logit.png
3,3,mean_mask_logit,3.857426378317541e-08,2.027966047535301e-06,3923,54,35,0.4317735963301721,0.44700976269380766,outputs/cat_token_to_mask_pathway/token_to_mask_pathway/layer_3_prompt_token_3_to_mean_mask_logit.npy,outputs/cat_token_to_mask_pathway/token_to_mask_pathway/layer_3_prompt_token_3_to_mean_mask_logit.png
2,15,mean_mask_logit,4.702205558260175e-08,1.9936071566917235e-06,3923,54,35,0.36987071549413697,0.1876168950936713,outputs/cat_token_to_mask_pathway/token_to_mask_pathway/layer_2_prompt_token_15_to_mean_mask_logit.npy,outputs/cat_token_to_mask_pathway/token_to_mask_pathway/layer_2_prompt_token_15_to_mean_mask_logit.png
0,13,mean_mask_logit,3.891414124268522e-08,1.9902477106370497e-06,3923,54,35,0.3654050262678751,0.07896576011439693,outputs/cat_token_to_mask_pathway/token_to_mask_pathway/layer_0_prompt_token_13_to_mean_mask_logit.npy,outputs/cat_token_to_mask_pathway/token_to_mask_pathway/layer_0_prompt_token_13_to_mean_mask_logit.png
1,11,mean_mask_logit,4.306467360493116e-08,1.948282260855194e-06,3923,54,35,0.37110258868895385,0.03668117494306473,outputs/cat_token_to_mask_pathway/token_to_mask_pathway/layer_1_prompt_token_11_to_mean_mask_logit.npy,outputs/cat_token_to_mask_pathway/token_to_mask_pathway/layer_1_prompt_token_11_to_mean_mask_logit.png
2,3,mean_mask_logit,3.928166236732977e-08,1.8575601643533446e-06,3925,54,37,0.3939014611853697,0.273017019758155,outputs/cat_token_to_mask_pathway/token_to_mask_pathway/layer_2_prompt_token_3_to_mean_mask_logit.npy,outputs/cat_token_to_mask_pathway/token_to_mask_pathway/layer_2_prompt_token_3_to_mean_mask_logit.png
1,7,mean_mask_logit,3.802741588287972e-08,1.757648647071619e-06,3923,54,35,0.4024129775626356,0.2715283663170612,outputs/cat_token_to_mask_pathway/token_to_mask_pathway/layer_1_prompt_token_7_to_mean_mask_logit.npy,outputs/cat_token_to_mask_pathway/token_to_mask_pathway/layer_1_prompt_token_7_to_mean_mask_logit.png
3,15,mean_mask_logit,3.3566955437436263e-08,1.7450348650527303e-06,3923,54,35,0.35174612642179687,-0.06574963847094963,outputs/cat_token_to_mask_pathway/token_to_mask_pathway/layer_3_prompt_token_15_to_mean_mask_logit.npy,outputs/cat_token_to_mask_pathway/token_to_mask_pathway/layer_3_prompt_token_15_to_mean_mask_logit.png
1,6,mean_mask_logit,3.5782278473561746e-08,1.7445070170651888e-06,3636,50,36,0.3834954271156803,0.13451217865081463,outputs/cat_token_to_mask_pathway/token_to_mask_pathway/layer_1_prompt_token_6_to_mean_mask_logit.npy,outputs/cat_token_to_mask_pathway/token_to_mask_pathway/layer_1_prompt_token_6_to_mean_mask_logit.png
1,8,mean_mask_logit,3.897826417187389e-08,1.7220131667272653e-06,3923,54,35,0.389883205293554,0.2109070691544627,outputs/cat_token_to_mask_pathway/token_to_mask_pathway/layer_1_prompt_token_8_to_mean_mask_logit.npy,outputs/cat_token_to_mask_pathway/token_to_mask_pathway/layer_1_prompt_token_8_to_mean_mask_logit.png
1,12,mean_mask_logit,3.7456249657452645e-08,1.7060908703570021e-06,3923,54,35,0.36798274788550017,-0.0022936795825106646,outputs/cat_token_to_mask_pathway/token_to_mask_pathway/layer_1_prompt_token_12_to_mean_mask_logit.npy,outputs/cat_token_to_mask_pathway/token_to_mask_pathway/layer_1_prompt_token_12_to_mean_mask_logit.png
1,5,mean_mask_logit,3.9254260286725184e-08,1.6748302869018517e-06,3923,54,35,0.33699314074165576,-0.19586922620239083,outputs/cat_token_to_mask_pathway/token_to_mask_pathway/layer_1_prompt_token_5_to_mean_mask_logit.npy,outputs/cat_token_to_mask_pathway/token_to_mask_pathway/layer_1_prompt_token_5_to_mean_mask_logit.png
1,14,mean_mask_logit,3.7563410160146304e-08,1.6520110648343689e-06,3923,54,35,0.34192915027770815,-0.24569227086233844,outputs/cat_token_to_mask_pathway/token_to_mask_pathway/layer_1_prompt_token_14_to_mean_mask_logit.npy,outputs/cat_token_to_mask_pathway/token_to_mask_pathway/layer_1_prompt_token_14_to_mean_mask_logit.png
3,10,mean_mask_logit,2.7260270485385263e-08,1.524212507320044e-06,3923,54,35,0.34350252073258725,-0.16651389835462302,outputs/cat_token_to_mask_pathway/token_to_mask_pathway/layer_3_prompt_token_10_to_mean_mask_logit.npy,outputs/cat_token_to_mask_pathway/token_to_mask_pathway/layer_3_prompt_token_10_to_mean_mask_logit.png
1,13,mean_mask_logit,3.487086175368859e-08,1.5043257235447527e-06,3923,54,35,0.3656423191783765,-0.026158802720026162,outputs/cat_token_to_mask_pathway/token_to_mask_pathway/layer_1_prompt_token_13_to_mean_mask_logit.npy,outputs/cat_token_to_mask_pathway/token_to_mask_pathway/layer_1_prompt_token_13_to_mean_mask_logit.png
2,10,mean_mask_logit,3.626760047836797e-08,1.483581058892014e-06,3923,54,35,0.3594631633750309,0.07271074716375564,outputs/cat_token_to_mask_pathway/token_to_mask_pathway/layer_2_prompt_token_10_to_mean_mask_logit.npy,outputs/cat_token_to_mask_pathway/token_to_mask_pathway/layer_2_prompt_token_10_to_mean_mask_logit.png
2,9,mean_mask_logit,3.495460632052527e-08,1.4830141026322963e-06,3923,54,35,0.376999876043529,0.2048658158859287,outputs/cat_token_to_mask_pathway/token_to_mask_pathway/layer_2_prompt_token_9_to_mean_mask_logit.npy,outputs/cat_token_to_mask_pathway/token_to_mask_pathway/layer_2_prompt_token_9_to_mean_mask_logit.png
2,11,mean_mask_logit,3.4359565859176655e-08,1.4197041764418827e-06,3923,54,35,0.34669982101980656,-0.05114663584889114,outputs/cat_token_to_mask_pathway/token_to_mask_pathway/layer_2_prompt_token_11_to_mean_mask_logit.npy,outputs/cat_token_to_mask_pathway/token_to_mask_pathway/layer_2_prompt_token_11_to_mean_mask_logit.png
2,14,mean_mask_logit,3.574486839852398e-08,1.416856434843794e-06,3923,54,35,0.359142245584877,0.06738766074570564,outputs/cat_token_to_mask_pathway/token_to_mask_pathway/layer_2_prompt_token_14_to_mean_mask_logit.npy,outputs/cat_token_to_mask_pathway/token_to_mask_pathway/layer_2_prompt_token_14_to_mean_mask_logit.png
3,2,mean_mask_logit,2.4045560209629002e-08,1.4111221844359534e-06,3636,50,36,0.36774795501192686,0.09217354443633796,outputs/cat_token_to_mask_pathway/token_to_mask_pathway/layer_3_prompt_token_2_to_mean_mask_logit.npy,outputs/cat_token_to_mask_pathway/token_to_mask_pathway/layer_3_prompt_token_2_to_mean_mask_logit.png
3,14,mean_mask_logit,2.5792326496798523e-08,1.3493288406607462e-06,3923,54,35,0.3529293712079065,-0.031057651097829802,outputs/cat_token_to_mask_pathway/token_to_mask_pathway/layer_3_prompt_token_14_to_mean_mask_logit.npy,outputs/cat_token_to_mask_pathway/token_to_mask_pathway/layer_3_prompt_token_14_to_mean_mask_logit.png
3,4,mean_mask_logit,2.648514296765825e-08,1.338874767498055e-06,3923,54,35,0.37999452603529954,0.14935753477192687,outputs/cat_token_to_mask_pathway/token_to_mask_pathway/layer_3_prompt_token_4_to_mean_mask_logit.npy,outputs/cat_token_to_mask_pathway/token_to_mask_pathway/layer_3_prompt_token_4_to_mean_mask_logit.png
3,9,mean_mask_logit,2.467285575846745e-08,1.3081147471893928e-06,3923,54,35,0.3526259563791756,-0.0532449404249678,outputs/cat_token_to_mask_pathway/token_to_mask_pathway/layer_3_prompt_token_9_to_mean_mask_logit.npy,outputs/cat_token_to_mask_pathway/token_to_mask_pathway/layer_3_prompt_token_9_to_mean_mask_logit.png
1,1,mean_mask_logit,2.1218369283815264e-08,1.2671404192587943e-06,3923,54,35,0.3008641310911476,-0.09125973105326667,outputs/cat_token_to_mask_pathway/token_to_mask_pathway/layer_1_prompt_token_1_to_mean_mask_logit.npy,outputs/cat_token_to_mask_pathway/token_to_mask_pathway/layer_1_prompt_token_1_to_mean_mask_logit.png
2,13,mean_mask_logit,2.979741609010489e-08,1.2616443427759805e-06,3923,54,35,0.3651698056546555,0.1368533377895725,outputs/cat_token_to_mask_pathway/token_to_mask_pathway/layer_2_prompt_token_13_to_mean_mask_logit.npy,outputs/cat_token_to_mask_pathway/token_to_mask_pathway/layer_2_prompt_token_13_to_mean_mask_logit.png
2,12,mean_mask_logit,3.012126370549595e-08,1.2361332437649253e-06,3923,54,35,0.36379466433116536,0.11920068514694548,outputs/cat_token_to_mask_pathway/token_to_mask_pathway/layer_2_prompt_token_12_to_mean_mask_logit.npy,outputs/cat_token_to_mask_pathway/token_to_mask_pathway/layer_2_prompt_token_12_to_mean_mask_logit.png
3,5,mean_mask_logit,2.2499060392533465e-08,1.2203098549434799e-06,3923,54,35,0.353869855374638,-0.00452458900808529,outputs/cat_token_to_mask_pathway/token_to_mask_pathway/layer_3_prompt_token_5_to_mean_mask_logit.npy,outputs/cat_token_to_mask_pathway/token_to_mask_pathway/layer_3_prompt_token_5_to_mean_mask_logit.png
3,8,mean_mask_logit,2.1280111894839138e-08,1.2129953574913088e-06,3923,54,35,0.36767490493418736,0.11351498381492586,outputs/cat_token_to_mask_pathway/token_to_mask_pathway/layer_3_prompt_token_8_to_mean_mask_logit.npy,outputs/cat_token_to_mask_pathway/token_to_mask_pathway/layer_3_prompt_token_8_to_mean_mask_logit.png
3,12,mean_mask_logit,2.2614528916165e-08,1.179414084617747e-06,3923,54,35,0.33969512662511475,-0.15940541163975558,outputs/cat_token_to_mask_pathway/token_to_mask_pathway/layer_3_prompt_token_12_to_mean_mask_logit.npy,outputs/cat_token_to_mask_pathway/token_to_mask_pathway/layer_3_prompt_token_12_to_mean_mask_logit.png
3,11,mean_mask_logit,2.262409815045885e-08,1.1565579143280047e-06,3923,54,35,0.304150451641512,-0.4095450272771757,outputs/cat_token_to_mask_pathway/token_to_mask_pathway/layer_3_prompt_token_11_to_mean_mask_logit.npy,outputs/cat_token_to_mask_pathway/token_to_mask_pathway/layer_3_prompt_token_11_to_mean_mask_logit.png
3,13,mean_mask_logit,2.2030263835404185e-08,1.1504289432195947e-06,3923,54,35,0.3447519541317645,-0.10883661274908586,outputs/cat_token_to_mask_pathway/token_to_mask_pathway/layer_3_prompt_token_13_to_mean_mask_logit.npy,outputs/cat_token_to_mask_pathway/token_to_mask_pathway/layer_3_prompt_token_13_to_mean_mask_logit.png
3,7,mean_mask_logit,2.0297113323408666e-08,1.1292115686956095e-06,3923,54,35,0.34056661355883894,-0.1153377112869891,outputs/cat_token_to_mask_pathway/token_to_mask_pathway/layer_3_prompt_token_7_to_mean_mask_logit.npy,outputs/cat_token_to_mask_pathway/token_to_mask_pathway/layer_3_prompt_token_7_to_mean_mask_logit.png
3,6,mean_mask_logit,1.987226028177247e-08,1.0873388873733347e-06,3923,54,35,0.3355976827992566,-0.11872918828751118,outputs/cat_token_to_mask_pathway/token_to_mask_pathway/layer_3_prompt_token_6_to_mean_mask_logit.npy,outputs/cat_token_to_mask_pathway/token_to_mask_pathway/layer_3_prompt_token_6_to_mean_mask_logit.png
2,5,mean_mask_logit,2.5158557903637302e-08,1.086785800907819e-06,3923,54,35,0.3156755600694027,-0.20338297971490713,outputs/cat_token_to_mask_pathway/token_to_mask_pathway/layer_2_prompt_token_5_to_mean_mask_logit.npy,outputs/cat_token_to_mask_pathway/token_to_mask_pathway/layer_2_prompt_token_5_to_mean_mask_logit.png
2,6,mean_mask_logit,2.3703288221099683e-08,1.0480731589268544e-06,3923,54,35,0.33786495232560276,-0.09333776623786247,outputs/cat_token_to_mask_pathway/token_to_mask_pathway/layer_2_prompt_token_6_to_mean_mask_logit.npy,outputs/cat_token_to_mask_pathway/token_to_mask_pathway/layer_2_prompt_token_6_to_mean_mask_logit.png
2,8,mean_mask_logit,2.631817963560934e-08,1.0450016816321295e-06,3923,54,35,0.37436312294309615,0.1705961018739364,outputs/cat_token_to_mask_pathway/token_to_mask_pathway/layer_2_prompt_token_8_to_mean_mask_logit.npy,outputs/cat_token_to_mask_pathway/token_to_mask_pathway/layer_2_prompt_token_8_to_mean_mask_logit.png
2,7,mean_mask_logit,2.463239212602275e-08,9.826585483097006e-07,3923,54,35,0.3516294318528016,0.006871936370245122,outputs/cat_token_to_mask_pathway/token_to_mask_pathway/layer_2_prompt_token_7_to_mean_mask_logit.npy,outputs/cat_token_to_mask_pathway/token_to_mask_pathway/layer_2_prompt_token_7_to_mean_mask_logit.png
2,4,mean_mask_logit,2.1001026695444125e-08,8.369617034986732e-07,3636,50,36,0.343172041122272,-0.014844449946094088,outputs/cat_token_to_mask_pathway/token_to_mask_pathway/layer_2_prompt_token_4_to_mean_mask_logit.npy,outputs/cat_token_to_mask_pathway/token_to_mask_pathway/layer_2_prompt_token_4_to_mean_mask_logit.png
4,3,mean_mask_logit,2.9360442965753464e-08,8.324368536705151e-07,3925,54,37,0.452838307792485,0.3834750284939342,outputs/cat_token_to_mask_pathway/token_to_mask_pathway/layer_4_prompt_token_3_to_mean_mask_logit.npy,outputs/cat_token_to_mask_pathway/token_to_mask_pathway/layer_4_prompt_token_3_to_mean_mask_logit.png
2,2,mean_mask_logit,1.906859381506365e-08,8.120225629681954e-07,1841,25,41,0.23916581454477973,-0.2915455564982402,outputs/cat_token_to_mask_pathway/token_to_mask_pathway/layer_2_prompt_token_2_to_mean_mask_logit.npy,outputs/cat_token_to_mask_pathway/token_to_mask_pathway/layer_2_prompt_token_2_to_mean_mask_logit.png
5,2,mean_mask_logit,1.584052355951826e-08,7.227818628052773e-07,3781,52,37,0.3497538546293304,-0.1405858207217815,outputs/cat_token_to_mask_pathway/token_to_mask_pathway/layer_5_prompt_token_2_to_mean_mask_logit.npy,outputs/cat_token_to_mask_pathway/token_to_mask_pathway/layer_5_prompt_token_2_to_mean_mask_logit.png
4,2,mean_mask_logit,2.2371366981133178e-08,6.869090611871798e-07,3925,54,37,0.37011298468734577,0.010939318395824599,outputs/cat_token_to_mask_pathway/token_to_mask_pathway/layer_4_prompt_token_2_to_mean_mask_logit.npy,outputs/cat_token_to_mask_pathway/token_to_mask_pathway/layer_4_prompt_token_2_to_mean_mask_logit.png
4,15,mean_mask_logit,1.9019777752760092e-08,6.083136554480006e-07,964,13,28,0.3703314958543937,-0.03356933122250212,outputs/cat_token_to_mask_pathway/token_to_mask_pathway/layer_4_prompt_token_15_to_mean_mask_logit.npy,outputs/cat_token_to_mask_pathway/token_to_mask_pathway/layer_4_prompt_token_15_to_mean_mask_logit.png
4,11,mean_mask_logit,1.6526417567774843e-08,5.596737651103467e-07,3925,54,37,0.3713820352946398,-0.01454236528031954,outputs/cat_token_to_mask_pathway/token_to_mask_pathway/layer_4_prompt_token_11_to_mean_mask_logit.npy,outputs/cat_token_to_mask_pathway/token_to_mask_pathway/layer_4_prompt_token_11_to_mean_mask_logit.png
4,12,mean_mask_logit,1.6862312435250715e-08,5.46831302017381e-07,3925,54,37,0.38386091562758207,0.05768189597015323,outputs/cat_token_to_mask_pathway/token_to_mask_pathway/layer_4_prompt_token_12_to_mean_mask_logit.npy,outputs/cat_token_to_mask_pathway/token_to_mask_pathway/layer_4_prompt_token_12_to_mean_mask_logit.png
5,3,mean_mask_logit,1.2743578636786879e-08,5.353019787435187e-07,1036,14,28,0.4615613524522471,0.4078404697745004,outputs/cat_token_to_mask_pathway/token_to_mask_pathway/layer_5_prompt_token_3_to_mean_mask_logit.npy,outputs/cat_token_to_mask_pathway/token_to_mask_pathway/layer_5_prompt_token_3_to_mean_mask_logit.png
4,9,mean_mask_logit,1.5976036493725587e-08,5.18360991463851e-07,3925,54,37,0.36799224400176733,-0.036158332505595595,outputs/cat_token_to_mask_pathway/token_to_mask_pathway/layer_4_prompt_token_9_to_mean_mask_logit.npy,outputs/cat_token_to_mask_pathway/token_to_mask_pathway/layer_4_prompt_token_9_to_mean_mask_logit.png
4,13,mean_mask_logit,1.5460717150972414e-08,5.141766337146692e-07,3925,54,37,0.3813762628602605,0.04002357448774788,outputs/cat_token_to_mask_pathway/token_to_mask_pathway/layer_4_prompt_token_13_to_mean_mask_logit.npy,outputs/cat_token_to_mask_pathway/token_to_mask_pathway/layer_4_prompt_token_13_to_mean_mask_logit.png
4,10,mean_mask_logit,1.5622870108700226e-08,5.131727220941684e-07,3925,54,37,0.3543833000045884,-0.1112676016268967,outputs/cat_token_to_mask_pathway/token_to_mask_pathway/layer_4_prompt_token_10_to_mean_mask_logit.npy,outputs/cat_token_to_mask_pathway/token_to_mask_pathway/layer_4_prompt_token_10_to_mean_mask_logit.png
4,14,mean_mask_logit,1.4855029206728432e-08,4.828264081879752e-07,3925,54,37,0.36357207815364434,-0.05932493170682274,outputs/cat_token_to_mask_pathway/token_to_mask_pathway/layer_4_prompt_token_14_to_mean_mask_logit.npy,outputs/cat_token_to_mask_pathway/token_to_mask_pathway/layer_4_prompt_token_14_to_mean_mask_logit.png
4,8,mean_mask_logit,1.4875223719457153e-08,4.81921119899198e-07,3925,54,37,0.37523763428731116,0.013074105772450278,outputs/cat_token_to_mask_pathway/token_to_mask_pathway/layer_4_prompt_token_8_to_mean_mask_logit.npy,outputs/cat_token_to_mask_pathway/token_to_mask_pathway/layer_4_prompt_token_8_to_mean_mask_logit.png
5,10,mean_mask_logit,1.3360399009343382e-08,4.330432830101927e-07,1036,14,28,0.4228823285459078,0.11341612628950559,outputs/cat_token_to_mask_pathway/token_to_mask_pathway/layer_5_prompt_token_10_to_mean_mask_logit.npy,outputs/cat_token_to_mask_pathway/token_to_mask_pathway/layer_5_prompt_token_10_to_mean_mask_logit.png
5,5,mean_mask_logit,9.670188205745944e-09,4.296809947845759e-07,1036,14,28,0.43610178139445643,0.19352130621726402,outputs/cat_token_to_mask_pathway/token_to_mask_pathway/layer_5_prompt_token_5_to_mean_mask_logit.npy,outputs/cat_token_to_mask_pathway/token_to_mask_pathway/layer_5_prompt_token_5_to_mean_mask_logit.png
5,1,mean_mask_logit,7.1574883797609345e-09,4.124245833736495e-07,1036,14,28,0.32405524805591557,-0.1999575547726408,outputs/cat_token_to_mask_pathway/token_to_mask_pathway/layer_5_prompt_token_1_to_mean_mask_logit.npy,outputs/cat_token_to_mask_pathway/token_to_mask_pathway/layer_5_prompt_token_1_to_mean_mask_logit.png
5,4,mean_mask_logit,9.644748111270474e-09,4.0682570556782593e-07,1036,14,28,0.44006264201057327,0.22270057247044053,outputs/cat_token_to_mask_pathway/token_to_mask_pathway/layer_5_prompt_token_4_to_mean_mask_logit.npy,outputs/cat_token_to_mask_pathway/token_to_mask_pathway/layer_5_prompt_token_4_to_mean_mask_logit.png
5,15,mean_mask_logit,1.2710070329546852e-08,4.0288685454470397e-07,1036,14,28,0.42900791584096526,0.15153839236593833,outputs/cat_token_to_mask_pathway/token_to_mask_pathway/layer_5_prompt_token_15_to_mean_mask_logit.npy,outputs/cat_token_to_mask_pathway/token_to_mask_pathway/layer_5_prompt_token_15_to_mean_mask_logit.png
4,5,mean_mask_logit,1.255206250050378e-08,3.942796809042193e-07,964,13,28,0.34428335789658393,-0.13706756189743788,outputs/cat_token_to_mask_pathway/token_to_mask_pathway/layer_4_prompt_token_5_to_mean_mask_logit.npy,outputs/cat_token_to_mask_pathway/token_to_mask_pathway/layer_4_prompt_token_5_to_mean_mask_logit.png
5,11,mean_mask_logit,1.154376683132341e-08,3.8868617480147805e-07,964,13,28,0.3994823961808224,-0.06050376190074062,outputs/cat_token_to_mask_pathway/token_to_mask_pathway/layer_5_prompt_token_11_to_mean_mask_logit.npy,outputs/cat_token_to_mask_pathway/token_to_mask_pathway/layer_5_prompt_token_11_to_mean_mask_logit.png
5,9,mean_mask_logit,1.1786591258555745e-08,3.774820527269185e-07,1036,14,28,0.431658016786343,0.1750307263975729,outputs/cat_token_to_mask_pathway/token_to_mask_pathway/layer_5_prompt_token_9_to_mean_mask_logit.npy,outputs/cat_token_to_mask_pathway/token_to_mask_pathway/layer_5_prompt_token_9_to_mean_mask_logit.png
5,12,mean_mask_logit,1.0759714896835249e-08,3.731684046215378e-07,1036,14,28,0.4109359712328891,0.021041631857406644,outputs/cat_token_to_mask_pathway/token_to_mask_pathway/layer_5_prompt_token_12_to_mean_mask_logit.npy,outputs/cat_token_to_mask_pathway/token_to_mask_pathway/layer_5_prompt_token_12_to_mean_mask_logit.png
4,7,mean_mask_logit,1.2131824433936345e-08,3.707469033997768e-07,3925,54,37,0.3478588041793387,-0.1166628027926332,outputs/cat_token_to_mask_pathway/token_to_mask_pathway/layer_4_prompt_token_7_to_mean_mask_logit.npy,outputs/cat_token_to_mask_pathway/token_to_mask_pathway/layer_4_prompt_token_7_to_mean_mask_logit.png
4,4,mean_mask_logit,1.236173652330308e-08,3.6577196738107887e-07,964,13,28,0.3660178815526376,-0.056122613326074974,outputs/cat_token_to_mask_pathway/token_to_mask_pathway/layer_4_prompt_token_4_to_mean_mask_logit.npy,outputs/cat_token_to_mask_pathway/token_to_mask_pathway/layer_4_prompt_token_4_to_mean_mask_logit.png
5,7,mean_mask_logit,8.967141695848113e-09,3.5926518648921046e-07,1036,14,28,0.4114315216241261,0.020968417107282405,outputs/cat_token_to_mask_pathway/token_to_mask_pathway/layer_5_prompt_token_7_to_mean_mask_logit.npy,outputs/cat_token_to_mask_pathway/token_to_mask_pathway/layer_5_prompt_token_7_to_mean_mask_logit.png
5,6,mean_mask_logit,8.993952249625181e-09,3.555100249741372e-07,1036,14,28,0.4098201266934401,0.0042940814562498755,outputs/cat_token_to_mask_pathway/token_to_mask_pathway/layer_5_prompt_token_6_to_mean_mask_logit.npy,outputs/cat_token_to_mask_pathway/token_to_mask_pathway/layer_5_prompt_token_6_to_mean_mask_logit.png
5,8,mean_mask_logit,1.004164573714661e-08,3.5319655466992117e-07,3924,54,36,0.4386314787894094,0.23149914019646392,outputs/cat_token_to_mask_pathway/token_to_mask_pathway/layer_5_prompt_token_8_to_mean_mask_logit.npy,outputs/cat_token_to_mask_pathway/token_to_mask_pathway/layer_5_prompt_token_8_to_mean_mask_logit.png
5,13,mean_mask_logit,9.564816494389561e-09,3.3871336313495704e-07,1036,14,28,0.41685593441041846,0.06161235416448633,outputs/cat_token_to_mask_pathway/token_to_mask_pathway/layer_5_prompt_token_13_to_mean_mask_logit.npy,outputs/cat_token_to_mask_pathway/token_to_mask_pathway/layer_5_prompt_token_13_to_mean_mask_logit.png
3,1,mean_mask_logit,6.922927120456279e-09,3.3421923717469326e-07,3923,54,35,0.2036075233965921,-0.25550825311555625,outputs/cat_token_to_mask_pathway/token_to_mask_pathway/layer_3_prompt_token_1_to_mean_mask_logit.npy,outputs/cat_token_to_mask_pathway/token_to_mask_pathway/layer_3_prompt_token_1_to_mean_mask_logit.png
5,14,mean_mask_logit,9.559007807524722e-09,3.167499755818426e-07,1036,14,28,0.41141297458390197,0.02888449114940802,outputs/cat_token_to_mask_pathway/token_to_mask_pathway/layer_5_prompt_token_14_to_mean_mask_logit.npy,outputs/cat_token_to_mask_pathway/token_to_mask_pathway/layer_5_prompt_token_14_to_mean_mask_logit.png
4,6,mean_mask_logit,9.888266205848595e-09,3.0507194992424047e-07,3923,54,35,0.32518709357491016,-0.20361046390850907,outputs/cat_token_to_mask_pathway/token_to_mask_pathway/layer_4_prompt_token_6_to_mean_mask_logit.npy,outputs/cat_token_to_mask_pathway/token_to_mask_pathway/layer_4_prompt_token_6_to_mean_mask_logit.png
2,1,mean_mask_logit,8.02730149018771e-09,2.922922988091159e-07,3636,50,36,0.18740007791838487,-0.36135779952878233,outputs/cat_token_to_mask_pathway/token_to_mask_pathway/layer_2_prompt_token_1_to_mean_mask_logit.npy,outputs/cat_token_to_mask_pathway/token_to_mask_pathway/layer_2_prompt_token_1_to_mean_mask_logit.png
4,1,mean_mask_logit,6.031157795405306e-09,1.8128119450011582e-07,3925,54,37,0.26080830765316426,-0.26972536716745976,outputs/cat_token_to_mask_pathway/token_to_mask_pathway/layer_4_prompt_token_1_to_mean_mask_logit.npy,outputs/cat_token_to_mask_pathway/token_to_mask_pathway/layer_4_prompt_token_1_to_mean_mask_logit.png
