layer,query_index,rank,token_index,row,col,attention_mass,map_path
0,144,1,2575,35,55,0.3152327239513397,outputs/cat_detr_decoder_cross_attention/detr_decoder_cross_attention/decoder_layer_0_query144_attn.png
0,144,2,2791,38,55,0.0066834790632128716,outputs/cat_detr_decoder_cross_attention/detr_decoder_cross_attention/decoder_layer_0_query144_attn.png
0,144,3,1709,23,53,0.003289510728791356,outputs/cat_detr_decoder_cross_attention/detr_decoder_cross_attention/decoder_layer_0_query144_attn.png
0,144,4,1847,25,47,0.0028764379676431417,outputs/cat_detr_decoder_cross_attention/detr_decoder_cross_attention/decoder_layer_0_query144_attn.png
0,144,5,2211,30,51,0.002687198342755437,outputs/cat_detr_decoder_cross_attention/detr_decoder_cross_attention/decoder_layer_0_query144_attn.png
0,144,6,2793,38,57,0.002638503909111023,outputs/cat_detr_decoder_cross_attention/detr_decoder_cross_attention/decoder_layer_0_query144_attn.png
0,144,7,1496,20,56,0.002345697721466422,outputs/cat_detr_decoder_cross_attention/detr_decoder_cross_attention/decoder_layer_0_query144_attn.png
0,144,8,1703,23,47,0.0023430008441209793,outputs/cat_detr_decoder_cross_attention/detr_decoder_cross_attention/decoder_layer_0_query144_attn.png
0,144,9,2000,27,56,0.002212087856605649,outputs/cat_detr_decoder_cross_attention/detr_decoder_cross_attention/decoder_layer_0_query144_attn.png
0,144,10,2503,34,55,0.002079791622236371,outputs/cat_detr_decoder_cross_attention/detr_decoder_cross_attention/decoder_layer_0_query144_attn.png
0,144,11,3657,50,57,0.002072656759992242,outputs/cat_detr_decoder_cross_attention/detr_decoder_cross_attention/decoder_layer_0_query144_attn.png
0,144,12,1559,21,47,0.002023919951170683,outputs/cat_detr_decoder_cross_attention/detr_decoder_cross_attention/decoder_layer_0_query144_attn.png
0,144,13,3007,41,55,0.0019886400550603867,outputs/cat_detr_decoder_cross_attention/detr_decoder_cross_attention/decoder_layer_0_query144_attn.png
0,144,14,1343,18,47,0.0018831121269613504,outputs/cat_detr_decoder_cross_attention/detr_decoder_cross_attention/decoder_layer_0_query144_attn.png
0,144,15,3654,50,54,0.0018708654679358006,outputs/cat_detr_decoder_cross_attention/detr_decoder_cross_attention/decoder_layer_0_query144_attn.png
0,144,16,2792,38,56,0.0018314660992473364,outputs/cat_detr_decoder_cross_attention/detr_decoder_cross_attention/decoder_layer_0_query144_attn.png
0,144,17,2066,28,50,0.0018204005900770426,outputs/cat_detr_decoder_cross_attention/detr_decoder_cross_attention/decoder_layer_0_query144_attn.png
0,144,18,129,1,57,0.0017932236660271883,outputs/cat_detr_decoder_cross_attention/detr_decoder_cross_attention/decoder_layer_0_query144_attn.png
0,144,19,1212,16,60,0.0017478074878454208,outputs/cat_detr_decoder_cross_attention/detr_decoder_cross_attention/decoder_layer_0_query144_attn.png
0,144,20,1925,26,53,0.0017237488646060228,outputs/cat_detr_decoder_cross_attention/detr_decoder_cross_attention/decoder_layer_0_query144_attn.png
1,144,1,2575,35,55,0.21033523976802826,outputs/cat_detr_decoder_cross_attention/detr_decoder_cross_attention/decoder_layer_1_query144_attn.png
1,144,2,2503,34,55,0.018369978293776512,outputs/cat_detr_decoder_cross_attention/detr_decoder_cross_attention/decoder_layer_1_query144_attn.png
1,144,3,2791,38,55,0.01144464872777462,outputs/cat_detr_decoder_cross_attention/detr_decoder_cross_attention/decoder_layer_1_query144_attn.png
1,144,4,2359,32,55,0.009892250411212444,outputs/cat_detr_decoder_cross_attention/detr_decoder_cross_attention/decoder_layer_1_query144_attn.png
1,144,5,2647,36,55,0.008938834071159363,outputs/cat_detr_decoder_cross_attention/detr_decoder_cross_attention/decoder_layer_1_query144_attn.png
1,144,6,2574,35,54,0.0071237473748624325,outputs/cat_detr_decoder_cross_attention/detr_decoder_cross_attention/decoder_layer_1_query144_attn.png
1,144,7,2215,30,55,0.005927536636590958,outputs/cat_detr_decoder_cross_attention/detr_decoder_cross_attention/decoder_layer_1_query144_attn.png
1,144,8,2792,38,56,0.005503359716385603,outputs/cat_detr_decoder_cross_attention/detr_decoder_cross_attention/decoder_layer_1_query144_attn.png
1,144,9,2287,31,55,0.005162590183317661,outputs/cat_detr_decoder_cross_attention/detr_decoder_cross_attention/decoder_layer_1_query144_attn.png
1,144,10,2573,35,53,0.0049853017553687096,outputs/cat_detr_decoder_cross_attention/detr_decoder_cross_attention/decoder_layer_1_query144_attn.png
1,144,11,274,3,58,0.0040669855661690235,outputs/cat_detr_decoder_cross_attention/detr_decoder_cross_attention/decoder_layer_1_query144_attn.png
1,144,12,2285,31,53,0.004033354111015797,outputs/cat_detr_decoder_cross_attention/detr_decoder_cross_attention/decoder_layer_1_query144_attn.png
1,144,13,2288,31,56,0.00395326828584075,outputs/cat_detr_decoder_cross_attention/detr_decoder_cross_attention/decoder_layer_1_query144_attn.png
1,144,14,2429,33,53,0.0038429349660873413,outputs/cat_detr_decoder_cross_attention/detr_decoder_cross_attention/decoder_layer_1_query144_attn.png
1,144,15,2143,29,55,0.0038388273678719997,outputs/cat_detr_decoder_cross_attention/detr_decoder_cross_attention/decoder_layer_1_query144_attn.png
1,144,16,2211,30,51,0.003830095985904336,outputs/cat_detr_decoder_cross_attention/detr_decoder_cross_attention/decoder_layer_1_query144_attn.png
1,144,17,2577,35,57,0.003601943841204047,outputs/cat_detr_decoder_cross_attention/detr_decoder_cross_attention/decoder_layer_1_query144_attn.png
1,144,18,2361,32,57,0.0035568501334637403,outputs/cat_detr_decoder_cross_attention/detr_decoder_cross_attention/decoder_layer_1_query144_attn.png
1,144,19,2000,27,56,0.0035094749182462692,outputs/cat_detr_decoder_cross_attention/detr_decoder_cross_attention/decoder_layer_1_query144_attn.png
1,144,20,131,1,59,0.003469658549875021,outputs/cat_detr_decoder_cross_attention/detr_decoder_cross_attention/decoder_layer_1_query144_attn.png
2,144,1,2575,35,55,0.1646444946527481,outputs/cat_detr_decoder_cross_attention/detr_decoder_cross_attention/decoder_layer_2_query144_attn.png
2,144,2,2503,34,55,0.029789187014102936,outputs/cat_detr_decoder_cross_attention/detr_decoder_cross_attention/decoder_layer_2_query144_attn.png
2,144,3,2791,38,55,0.014074605889618397,outputs/cat_detr_decoder_cross_attention/detr_decoder_cross_attention/decoder_layer_2_query144_attn.png
2,144,4,2359,32,55,0.011133643798530102,outputs/cat_detr_decoder_cross_attention/detr_decoder_cross_attention/decoder_layer_2_query144_attn.png
2,144,5,2574,35,54,0.010413061827421188,outputs/cat_detr_decoder_cross_attention/detr_decoder_cross_attention/decoder_layer_2_query144_attn.png
2,144,6,2429,33,53,0.007222479209303856,outputs/cat_detr_decoder_cross_attention/detr_decoder_cross_attention/decoder_layer_2_query144_attn.png
2,144,7,2647,36,55,0.007197504863142967,outputs/cat_detr_decoder_cross_attention/detr_decoder_cross_attention/decoder_layer_2_query144_attn.png
2,144,8,2573,35,53,0.0059021636843681335,outputs/cat_detr_decoder_cross_attention/detr_decoder_cross_attention/decoder_layer_2_query144_attn.png
2,144,9,2431,33,55,0.005565743427723646,outputs/cat_detr_decoder_cross_attention/detr_decoder_cross_attention/decoder_layer_2_query144_attn.png
2,144,10,127,1,55,0.004405374173074961,outputs/cat_detr_decoder_cross_attention/detr_decoder_cross_attention/decoder_layer_2_query144_attn.png
2,144,11,2285,31,53,0.004216844215989113,outputs/cat_detr_decoder_cross_attention/detr_decoder_cross_attention/decoder_layer_2_query144_attn.png
2,144,12,2215,30,55,0.004100946709513664,outputs/cat_detr_decoder_cross_attention/detr_decoder_cross_attention/decoder_layer_2_query144_attn.png
2,144,13,5167,71,55,0.003627826226875186,outputs/cat_detr_decoder_cross_attention/detr_decoder_cross_attention/decoder_layer_2_query144_attn.png
2,144,14,2792,38,56,0.0035135692451149225,outputs/cat_detr_decoder_cross_attention/detr_decoder_cross_attention/decoder_layer_2_query144_attn.png
2,144,15,5166,71,54,0.0032164370641112328,outputs/cat_detr_decoder_cross_attention/detr_decoder_cross_attention/decoder_layer_2_query144_attn.png
2,144,16,2287,31,55,0.0030238640028983355,outputs/cat_detr_decoder_cross_attention/detr_decoder_cross_attention/decoder_layer_2_query144_attn.png
2,144,17,2000,27,56,0.0030079795978963375,outputs/cat_detr_decoder_cross_attention/detr_decoder_cross_attention/decoder_layer_2_query144_attn.png
2,144,18,2361,32,57,0.0029993182979524136,outputs/cat_detr_decoder_cross_attention/detr_decoder_cross_attention/decoder_layer_2_query144_attn.png
2,144,19,54,0,54,0.0028827697969973087,outputs/cat_detr_decoder_cross_attention/detr_decoder_cross_attention/decoder_layer_2_query144_attn.png
2,144,20,3007,41,55,0.0028542219661176205,outputs/cat_detr_decoder_cross_attention/detr_decoder_cross_attention/decoder_layer_2_query144_attn.png
3,144,1,2575,35,55,0.2548140287399292,outputs/cat_detr_decoder_cross_attention/detr_decoder_cross_attention/decoder_layer_3_query144_attn.png
3,144,2,2503,34,55,0.04086160659790039,outputs/cat_detr_decoder_cross_attention/detr_decoder_cross_attention/decoder_layer_3_query144_attn.png
3,144,3,2791,38,55,0.018158160150051117,outputs/cat_detr_decoder_cross_attention/detr_decoder_cross_attention/decoder_layer_3_query144_attn.png
3,144,4,2359,32,55,0.017329463735222816,outputs/cat_detr_decoder_cross_attention/detr_decoder_cross_attention/decoder_layer_3_query144_attn.png
3,144,5,2647,36,55,0.01552020013332367,outputs/cat_detr_decoder_cross_attention/detr_decoder_cross_attention/decoder_layer_3_query144_attn.png
3,144,6,2574,35,54,0.012908262200653553,outputs/cat_detr_decoder_cross_attention/detr_decoder_cross_attention/decoder_layer_3_query144_attn.png
3,144,7,2431,33,55,0.006972121074795723,outputs/cat_detr_decoder_cross_attention/detr_decoder_cross_attention/decoder_layer_3_query144_attn.png
3,144,8,2360,32,56,0.005751967895776033,outputs/cat_detr_decoder_cross_attention/detr_decoder_cross_attention/decoder_layer_3_query144_attn.png
3,144,9,2577,35,57,0.005727683659642935,outputs/cat_detr_decoder_cross_attention/detr_decoder_cross_attention/decoder_layer_3_query144_attn.png
3,144,10,2361,32,57,0.005704316310584545,outputs/cat_detr_decoder_cross_attention/detr_decoder_cross_attention/decoder_layer_3_query144_attn.png
3,144,11,2215,30,55,0.005279296077787876,outputs/cat_detr_decoder_cross_attention/detr_decoder_cross_attention/decoder_layer_3_query144_attn.png
3,144,12,995,13,59,0.005250736139714718,outputs/cat_detr_decoder_cross_attention/detr_decoder_cross_attention/decoder_layer_3_query144_attn.png
3,144,13,2792,38,56,0.004981613252311945,outputs/cat_detr_decoder_cross_attention/detr_decoder_cross_attention/decoder_layer_3_query144_attn.png
3,144,14,2432,33,56,0.004851154517382383,outputs/cat_detr_decoder_cross_attention/detr_decoder_cross_attention/decoder_layer_3_query144_attn.png
3,144,15,2648,36,56,0.00474327290430665,outputs/cat_detr_decoder_cross_attention/detr_decoder_cross_attention/decoder_layer_3_query144_attn.png
3,144,16,2287,31,55,0.0045384373515844345,outputs/cat_detr_decoder_cross_attention/detr_decoder_cross_attention/decoder_layer_3_query144_attn.png
3,144,17,2719,37,55,0.0041889320127666,outputs/cat_detr_decoder_cross_attention/detr_decoder_cross_attention/decoder_layer_3_query144_attn.png
3,144,18,3007,41,55,0.003942710813134909,outputs/cat_detr_decoder_cross_attention/detr_decoder_cross_attention/decoder_layer_3_query144_attn.png
3,144,19,2502,34,54,0.003941316623240709,outputs/cat_detr_decoder_cross_attention/detr_decoder_cross_attention/decoder_layer_3_query144_attn.png
3,144,20,2504,34,56,0.003884365549311042,outputs/cat_detr_decoder_cross_attention/detr_decoder_cross_attention/decoder_layer_3_query144_attn.png
4,144,1,2575,35,55,0.2684011459350586,outputs/cat_detr_decoder_cross_attention/detr_decoder_cross_attention/decoder_layer_4_query144_attn.png
4,144,2,2503,34,55,0.033779341727495193,outputs/cat_detr_decoder_cross_attention/detr_decoder_cross_attention/decoder_layer_4_query144_attn.png
4,144,3,2791,38,55,0.022517047822475433,outputs/cat_detr_decoder_cross_attention/detr_decoder_cross_attention/decoder_layer_4_query144_attn.png
4,144,4,2359,32,55,0.010659723542630672,outputs/cat_detr_decoder_cross_attention/detr_decoder_cross_attention/decoder_layer_4_query144_attn.png
4,144,5,2647,36,55,0.009197759442031384,outputs/cat_detr_decoder_cross_attention/detr_decoder_cross_attention/decoder_layer_4_query144_attn.png
4,144,6,2574,35,54,0.007866901345551014,outputs/cat_detr_decoder_cross_attention/detr_decoder_cross_attention/decoder_layer_4_query144_attn.png
4,144,7,2215,30,55,0.005532416980713606,outputs/cat_detr_decoder_cross_attention/detr_decoder_cross_attention/decoder_layer_4_query144_attn.png
4,144,8,2793,38,57,0.004191029351204634,outputs/cat_detr_decoder_cross_attention/detr_decoder_cross_attention/decoder_layer_4_query144_attn.png
4,144,9,2573,35,53,0.0038874931633472443,outputs/cat_detr_decoder_cross_attention/detr_decoder_cross_attention/decoder_layer_4_query144_attn.png
4,144,10,2577,35,57,0.003710743971168995,outputs/cat_detr_decoder_cross_attention/detr_decoder_cross_attention/decoder_layer_4_query144_attn.png
4,144,11,2429,33,53,0.003564899554476142,outputs/cat_detr_decoder_cross_attention/detr_decoder_cross_attention/decoder_layer_4_query144_attn.png
4,144,12,2361,32,57,0.0034758010879158974,outputs/cat_detr_decoder_cross_attention/detr_decoder_cross_attention/decoder_layer_4_query144_attn.png
4,144,13,2285,31,53,0.0034589883871376514,outputs/cat_detr_decoder_cross_attention/detr_decoder_cross_attention/decoder_layer_4_query144_attn.png
4,144,14,2509,34,61,0.003368602367118001,outputs/cat_detr_decoder_cross_attention/detr_decoder_cross_attention/decoder_layer_4_query144_attn.png
4,144,15,995,13,59,0.003353713545948267,outputs/cat_detr_decoder_cross_attention/detr_decoder_cross_attention/decoder_layer_4_query144_attn.png
4,144,16,2792,38,56,0.0033356989733874798,outputs/cat_detr_decoder_cross_attention/detr_decoder_cross_attention/decoder_layer_4_query144_attn.png
4,144,17,2000,27,56,0.0032712314277887344,outputs/cat_detr_decoder_cross_attention/detr_decoder_cross_attention/decoder_layer_4_query144_attn.png
4,144,18,3007,41,55,0.0031593528110533953,outputs/cat_detr_decoder_cross_attention/detr_decoder_cross_attention/decoder_layer_4_query144_attn.png
4,144,19,2431,33,55,0.003126201219856739,outputs/cat_detr_decoder_cross_attention/detr_decoder_cross_attention/decoder_layer_4_query144_attn.png
4,144,20,2438,33,62,0.0029265775810927153,outputs/cat_detr_decoder_cross_attention/detr_decoder_cross_attention/decoder_layer_4_query144_attn.png
5,144,1,2575,35,55,0.2559592127799988,outputs/cat_detr_decoder_cross_attention/detr_decoder_cross_attention/decoder_layer_5_query144_attn.png
5,144,2,2503,34,55,0.045424170792102814,outputs/cat_detr_decoder_cross_attention/detr_decoder_cross_attention/decoder_layer_5_query144_attn.png
5,144,3,2791,38,55,0.023605171591043472,outputs/cat_detr_decoder_cross_attention/detr_decoder_cross_attention/decoder_layer_5_query144_attn.png
5,144,4,2647,36,55,0.01724262535572052,outputs/cat_detr_decoder_cross_attention/detr_decoder_cross_attention/decoder_layer_5_query144_attn.png
5,144,5,2574,35,54,0.015343724749982357,outputs/cat_detr_decoder_cross_attention/detr_decoder_cross_attention/decoder_layer_5_query144_attn.png
5,144,6,2431,33,55,0.010165853425860405,outputs/cat_detr_decoder_cross_attention/detr_decoder_cross_attention/decoder_layer_5_query144_attn.png
5,144,7,2359,32,55,0.00946881715208292,outputs/cat_detr_decoder_cross_attention/detr_decoder_cross_attention/decoder_layer_5_query144_attn.png
5,144,8,3007,41,55,0.006989120040088892,outputs/cat_detr_decoder_cross_attention/detr_decoder_cross_attention/decoder_layer_5_query144_attn.png
5,144,9,2502,34,54,0.005960565060377121,outputs/cat_detr_decoder_cross_attention/detr_decoder_cross_attention/decoder_layer_5_query144_attn.png
5,144,10,4014,55,54,0.005938900634646416,outputs/cat_detr_decoder_cross_attention/detr_decoder_cross_attention/decoder_layer_5_query144_attn.png
5,144,11,2430,33,54,0.005551994778215885,outputs/cat_detr_decoder_cross_attention/detr_decoder_cross_attention/decoder_layer_5_query144_attn.png
5,144,12,2719,37,55,0.005343266762793064,outputs/cat_detr_decoder_cross_attention/detr_decoder_cross_attention/decoder_layer_5_query144_attn.png
5,144,13,2576,35,56,0.004923430271446705,outputs/cat_detr_decoder_cross_attention/detr_decoder_cross_attention/decoder_layer_5_query144_attn.png
5,144,14,2648,36,56,0.004476315341889858,outputs/cat_detr_decoder_cross_attention/detr_decoder_cross_attention/decoder_layer_5_query144_attn.png
5,144,15,2432,33,56,0.004461607895791531,outputs/cat_detr_decoder_cross_attention/detr_decoder_cross_attention/decoder_layer_5_query144_attn.png
5,144,16,4086,56,54,0.00425177114084363,outputs/cat_detr_decoder_cross_attention/detr_decoder_cross_attention/decoder_layer_5_query144_attn.png
5,144,17,2504,34,56,0.0042457194067537785,outputs/cat_detr_decoder_cross_attention/detr_decoder_cross_attention/decoder_layer_5_query144_attn.png
5,144,18,2646,36,54,0.004229731857776642,outputs/cat_detr_decoder_cross_attention/detr_decoder_cross_attention/decoder_layer_5_query144_attn.png
5,144,19,2215,30,55,0.003517244942486286,outputs/cat_detr_decoder_cross_attention/detr_decoder_cross_attention/decoder_layer_5_query144_attn.png
5,144,20,2577,35,57,0.0033843049313873053,outputs/cat_detr_decoder_cross_attention/detr_decoder_cross_attention/decoder_layer_5_query144_attn.png
