layer,prompt_token_index,attention_mean,attention_max,attn_x_grad_mean,attn_x_grad_max,attention_npy,attention_png,attn_x_grad_npy,attn_x_grad_png
0,0,0.12349911779165268,0.2595561146736145,2.260923821495453e-07,1.6607726138317958e-05,outputs/cat_prompt_token_fusion_trace/prompt_token_fusion_trace/layer_0_prompt_token_0_attn.npy,outputs/cat_prompt_token_fusion_trace/prompt_token_fusion_trace/layer_0_prompt_token_0_attn.png,outputs/cat_prompt_token_fusion_trace/prompt_token_fusion_trace/layer_0_prompt_token_0_attn_x_grad.npy,outputs/cat_prompt_token_fusion_trace/prompt_token_fusion_trace/layer_0_prompt_token_0_attn_x_grad.png
0,1,0.022532135248184204,0.16378214955329895,5.586947438018797e-08,4.6344316615432035e-06,outputs/cat_prompt_token_fusion_trace/prompt_token_fusion_trace/layer_0_prompt_token_1_attn.npy,outputs/cat_prompt_token_fusion_trace/prompt_token_fusion_trace/layer_0_prompt_token_1_attn.png,outputs/cat_prompt_token_fusion_trace/prompt_token_fusion_trace/layer_0_prompt_token_1_attn_x_grad.npy,outputs/cat_prompt_token_fusion_trace/prompt_token_fusion_trace/layer_0_prompt_token_1_attn_x_grad.png
0,2,0.03881452977657318,0.2462053894996643,8.103056359232141e-08,6.6978072936763056e-06,outputs/cat_prompt_token_fusion_trace/prompt_token_fusion_trace/layer_0_prompt_token_2_attn.npy,outputs/cat_prompt_token_fusion_trace/prompt_token_fusion_trace/layer_0_prompt_token_2_attn.png,outputs/cat_prompt_token_fusion_trace/prompt_token_fusion_trace/layer_0_prompt_token_2_attn_x_grad.npy,outputs/cat_prompt_token_fusion_trace/prompt_token_fusion_trace/layer_0_prompt_token_2_attn_x_grad.png
0,3,0.033820465207099915,0.06167566776275635,5.45784288874529e-08,3.458484115981264e-06,outputs/cat_prompt_token_fusion_trace/prompt_token_fusion_trace/layer_0_prompt_token_3_attn.npy,outputs/cat_prompt_token_fusion_trace/prompt_token_fusion_trace/layer_0_prompt_token_3_attn.png,outputs/cat_prompt_token_fusion_trace/prompt_token_fusion_trace/layer_0_prompt_token_3_attn_x_grad.npy,outputs/cat_prompt_token_fusion_trace/prompt_token_fusion_trace/layer_0_prompt_token_3_attn_x_grad.png
0,4,0.0253806971013546,0.04034272953867912,4.754523885708295e-08,2.6045547656394774e-06,outputs/cat_prompt_token_fusion_trace/prompt_token_fusion_trace/layer_0_prompt_token_4_attn.npy,outputs/cat_prompt_token_fusion_trace/prompt_token_fusion_trace/layer_0_prompt_token_4_attn.png,outputs/cat_prompt_token_fusion_trace/prompt_token_fusion_trace/layer_0_prompt_token_4_attn_x_grad.npy,outputs/cat_prompt_token_fusion_trace/prompt_token_fusion_trace/layer_0_prompt_token_4_attn_x_grad.png
0,5,0.026973547413945198,0.04199502617120743,4.818119947458399e-08,2.476398776707356e-06,outputs/cat_prompt_token_fusion_trace/prompt_token_fusion_trace/layer_0_prompt_token_5_attn.npy,outputs/cat_prompt_token_fusion_trace/prompt_token_fusion_trace/layer_0_prompt_token_5_attn.png,outputs/cat_prompt_token_fusion_trace/prompt_token_fusion_trace/layer_0_prompt_token_5_attn_x_grad.npy,outputs/cat_prompt_token_fusion_trace/prompt_token_fusion_trace/layer_0_prompt_token_5_attn_x_grad.png
0,6,0.023601433262228966,0.034350283443927765,4.515699103535553e-08,2.446753569529392e-06,outputs/cat_prompt_token_fusion_trace/prompt_token_fusion_trace/layer_0_prompt_token_6_attn.npy,outputs/cat_prompt_token_fusion_trace/prompt_token_fusion_trace/layer_0_prompt_token_6_attn.png,outputs/cat_prompt_token_fusion_trace/prompt_token_fusion_trace/layer_0_prompt_token_6_attn_x_grad.npy,outputs/cat_prompt_token_fusion_trace/prompt_token_fusion_trace/layer_0_prompt_token_6_attn_x_grad.png
0,7,0.022551925852894783,0.03318644315004349,4.351003468627823e-08,2.297731498401845e-06,outputs/cat_prompt_token_fusion_trace/prompt_token_fusion_trace/layer_0_prompt_token_7_attn.npy,outputs/cat_prompt_token_fusion_trace/prompt_token_fusion_trace/layer_0_prompt_token_7_attn.png,outputs/cat_prompt_token_fusion_trace/prompt_token_fusion_trace/layer_0_prompt_token_7_attn_x_grad.npy,outputs/cat_prompt_token_fusion_trace/prompt_token_fusion_trace/layer_0_prompt_token_7_attn_x_grad.png
0,8,0.019598418846726418,0.027966344729065895,4.0914720500495605e-08,2.0373543065943522e-06,outputs/cat_prompt_token_fusion_trace/prompt_token_fusion_trace/layer_0_prompt_token_8_attn.npy,outputs/cat_prompt_token_fusion_trace/prompt_token_fusion_trace/layer_0_prompt_token_8_attn.png,outputs/cat_prompt_token_fusion_trace/prompt_token_fusion_trace/layer_0_prompt_token_8_attn_x_grad.npy,outputs/cat_prompt_token_fusion_trace/prompt_token_fusion_trace/layer_0_prompt_token_8_attn_x_grad.png
0,9,0.0242497306317091,0.033716656267642975,5.016571691385252e-08,2.5737938358361134e-06,outputs/cat_prompt_token_fusion_trace/prompt_token_fusion_trace/layer_0_prompt_token_9_attn.npy,outputs/cat_prompt_token_fusion_trace/prompt_token_fusion_trace/layer_0_prompt_token_9_attn.png,outputs/cat_prompt_token_fusion_trace/prompt_token_fusion_trace/layer_0_prompt_token_9_attn_x_grad.npy,outputs/cat_prompt_token_fusion_trace/prompt_token_fusion_trace/layer_0_prompt_token_9_attn_x_grad.png
0,10,0.025016430765390396,0.03431960195302963,5.055718332869219e-08,2.6347734092269093e-06,outputs/cat_prompt_token_fusion_trace/prompt_token_fusion_trace/layer_0_prompt_token_10_attn.npy,outputs/cat_prompt_token_fusion_trace/prompt_token_fusion_trace/layer_0_prompt_token_10_attn.png,outputs/cat_prompt_token_fusion_trace/prompt_token_fusion_trace/layer_0_prompt_token_10_attn_x_grad.npy,outputs/cat_prompt_token_fusion_trace/prompt_token_fusion_trace/layer_0_prompt_token_10_attn_x_grad.png
0,11,0.022798368707299232,0.03274567052721977,4.790110352814736e-08,2.3020895696390653e-06,outputs/cat_prompt_token_fusion_trace/prompt_token_fusion_trace/layer_0_prompt_token_11_attn.npy,outputs/cat_prompt_token_fusion_trace/prompt_token_fusion_trace/layer_0_prompt_token_11_attn.png,outputs/cat_prompt_token_fusion_trace/prompt_token_fusion_trace/layer_0_prompt_token_11_attn_x_grad.npy,outputs/cat_prompt_token_fusion_trace/prompt_token_fusion_trace/layer_0_prompt_token_11_attn_x_grad.png
0,12,0.02023126743733883,0.028015105053782463,4.099129924384215e-08,2.0736217720696004e-06,outputs/cat_prompt_token_fusion_trace/prompt_token_fusion_trace/layer_0_prompt_token_12_attn.npy,outputs/cat_prompt_token_fusion_trace/prompt_token_fusion_trace/layer_0_prompt_token_12_attn.png,outputs/cat_prompt_token_fusion_trace/prompt_token_fusion_trace/layer_0_prompt_token_12_attn_x_grad.npy,outputs/cat_prompt_token_fusion_trace/prompt_token_fusion_trace/layer_0_prompt_token_12_attn_x_grad.png
0,13,0.01920354552567005,0.026409482583403587,3.891564404057135e-08,1.991444605664583e-06,outputs/cat_prompt_token_fusion_trace/prompt_token_fusion_trace/layer_0_prompt_token_13_attn.npy,outputs/cat_prompt_token_fusion_trace/prompt_token_fusion_trace/layer_0_prompt_token_13_attn.png,outputs/cat_prompt_token_fusion_trace/prompt_token_fusion_trace/layer_0_prompt_token_13_attn_x_grad.npy,outputs/cat_prompt_token_fusion_trace/prompt_token_fusion_trace/layer_0_prompt_token_13_attn_x_grad.png
0,14,0.023018939420580864,0.030652593821287155,4.7955410309441504e-08,2.40120675698563e-06,outputs/cat_prompt_token_fusion_trace/prompt_token_fusion_trace/layer_0_prompt_token_14_attn.npy,outputs/cat_prompt_token_fusion_trace/prompt_token_fusion_trace/layer_0_prompt_token_14_attn.png,outputs/cat_prompt_token_fusion_trace/prompt_token_fusion_trace/layer_0_prompt_token_14_attn_x_grad.npy,outputs/cat_prompt_token_fusion_trace/prompt_token_fusion_trace/layer_0_prompt_token_14_attn_x_grad.png
0,15,0.02764713019132614,0.03532182052731514,5.849914685995827e-08,2.9955003810755443e-06,outputs/cat_prompt_token_fusion_trace/prompt_token_fusion_trace/layer_0_prompt_token_15_attn.npy,outputs/cat_prompt_token_fusion_trace/prompt_token_fusion_trace/layer_0_prompt_token_15_attn.png,outputs/cat_prompt_token_fusion_trace/prompt_token_fusion_trace/layer_0_prompt_token_15_attn_x_grad.npy,outputs/cat_prompt_token_fusion_trace/prompt_token_fusion_trace/layer_0_prompt_token_15_attn_x_grad.png
1,0,0.18315425515174866,0.30985528230667114,2.7638373012450757e-07,1.812915797927417e-05,outputs/cat_prompt_token_fusion_trace/prompt_token_fusion_trace/layer_1_prompt_token_0_attn.npy,outputs/cat_prompt_token_fusion_trace/prompt_token_fusion_trace/layer_1_prompt_token_0_attn.png,outputs/cat_prompt_token_fusion_trace/prompt_token_fusion_trace/layer_1_prompt_token_0_attn_x_grad.npy,outputs/cat_prompt_token_fusion_trace/prompt_token_fusion_trace/layer_1_prompt_token_0_attn_x_grad.png
1,1,0.013742935843765736,0.058847907930612564,2.1218744095108377e-08,1.2677288623308414e-06,outputs/cat_prompt_token_fusion_trace/prompt_token_fusion_trace/layer_1_prompt_token_1_attn.npy,outputs/cat_prompt_token_fusion_trace/prompt_token_fusion_trace/layer_1_prompt_token_1_attn.png,outputs/cat_prompt_token_fusion_trace/prompt_token_fusion_trace/layer_1_prompt_token_1_attn_x_grad.npy,outputs/cat_prompt_token_fusion_trace/prompt_token_fusion_trace/layer_1_prompt_token_1_attn_x_grad.png
1,2,0.015474657528102398,0.06345712393522263,3.005541771017306e-08,2.34657341025013e-06,outputs/cat_prompt_token_fusion_trace/prompt_token_fusion_trace/layer_1_prompt_token_2_attn.npy,outputs/cat_prompt_token_fusion_trace/prompt_token_fusion_trace/layer_1_prompt_token_2_attn.png,outputs/cat_prompt_token_fusion_trace/prompt_token_fusion_trace/layer_1_prompt_token_2_attn_x_grad.npy,outputs/cat_prompt_token_fusion_trace/prompt_token_fusion_trace/layer_1_prompt_token_2_attn_x_grad.png
1,3,0.024066291749477386,0.04374018311500549,4.5544624072135775e-08,2.5227714104403276e-06,outputs/cat_prompt_token_fusion_trace/prompt_token_fusion_trace/layer_1_prompt_token_3_attn.npy,outputs/cat_prompt_token_fusion_trace/prompt_token_fusion_trace/layer_1_prompt_token_3_attn.png,outputs/cat_prompt_token_fusion_trace/prompt_token_fusion_trace/layer_1_prompt_token_3_attn_x_grad.npy,outputs/cat_prompt_token_fusion_trace/prompt_token_fusion_trace/layer_1_prompt_token_3_attn_x_grad.png
1,4,0.022987239062786102,0.043220847845077515,4.356181904086043e-08,2.0488080281211296e-06,outputs/cat_prompt_token_fusion_trace/prompt_token_fusion_trace/layer_1_prompt_token_4_attn.npy,outputs/cat_prompt_token_fusion_trace/prompt_token_fusion_trace/layer_1_prompt_token_4_attn.png,outputs/cat_prompt_token_fusion_trace/prompt_token_fusion_trace/layer_1_prompt_token_4_attn_x_grad.npy,outputs/cat_prompt_token_fusion_trace/prompt_token_fusion_trace/layer_1_prompt_token_4_attn_x_grad.png
1,5,0.02465689368546009,0.04387132078409195,3.925500990931141e-08,1.675608132245543e-06,outputs/cat_prompt_token_fusion_trace/prompt_token_fusion_trace/layer_1_prompt_token_5_attn.npy,outputs/cat_prompt_token_fusion_trace/prompt_token_fusion_trace/layer_1_prompt_token_5_attn.png,outputs/cat_prompt_token_fusion_trace/prompt_token_fusion_trace/layer_1_prompt_token_5_attn_x_grad.npy,outputs/cat_prompt_token_fusion_trace/prompt_token_fusion_trace/layer_1_prompt_token_5_attn_x_grad.png
1,6,0.019789578393101692,0.03692639619112015,3.578297125272911e-08,1.7435821746403235e-06,outputs/cat_prompt_token_fusion_trace/prompt_token_fusion_trace/layer_1_prompt_token_6_attn.npy,outputs/cat_prompt_token_fusion_trace/prompt_token_fusion_trace/layer_1_prompt_token_6_attn.png,outputs/cat_prompt_token_fusion_trace/prompt_token_fusion_trace/layer_1_prompt_token_6_attn_x_grad.npy,outputs/cat_prompt_token_fusion_trace/prompt_token_fusion_trace/layer_1_prompt_token_6_attn_x_grad.png
1,7,0.020029040053486824,0.034424204379320145,3.802816905817963e-08,1.7584649185664603e-06,outputs/cat_prompt_token_fusion_trace/prompt_token_fusion_trace/layer_1_prompt_token_7_attn.npy,outputs/cat_prompt_token_fusion_trace/prompt_token_fusion_trace/layer_1_prompt_token_7_attn.png,outputs/cat_prompt_token_fusion_trace/prompt_token_fusion_trace/layer_1_prompt_token_7_attn_x_grad.npy,outputs/cat_prompt_token_fusion_trace/prompt_token_fusion_trace/layer_1_prompt_token_7_attn_x_grad.png
1,8,0.021272756159305573,0.034301161766052246,3.897902800531483e-08,1.7228128399437992e-06,outputs/cat_prompt_token_fusion_trace/prompt_token_fusion_trace/layer_1_prompt_token_8_attn.npy,outputs/cat_prompt_token_fusion_trace/prompt_token_fusion_trace/layer_1_prompt_token_8_attn.png,outputs/cat_prompt_token_fusion_trace/prompt_token_fusion_trace/layer_1_prompt_token_8_attn_x_grad.npy,outputs/cat_prompt_token_fusion_trace/prompt_token_fusion_trace/layer_1_prompt_token_8_attn_x_grad.png
1,9,0.025039469823241234,0.037577517330646515,4.7818272008726126e-08,2.09021936825593e-06,outputs/cat_prompt_token_fusion_trace/prompt_token_fusion_trace/layer_1_prompt_token_9_attn.npy,outputs/cat_prompt_token_fusion_trace/prompt_token_fusion_trace/layer_1_prompt_token_9_attn.png,outputs/cat_prompt_token_fusion_trace/prompt_token_fusion_trace/layer_1_prompt_token_9_attn_x_grad.npy,outputs/cat_prompt_token_fusion_trace/prompt_token_fusion_trace/layer_1_prompt_token_9_attn_x_grad.png
1,10,0.024437787011265755,0.03679831326007843,4.5954752891930184e-08,2.1633222786476836e-06,outputs/cat_prompt_token_fusion_trace/prompt_token_fusion_trace/layer_1_prompt_token_10_attn.npy,outputs/cat_prompt_token_fusion_trace/prompt_token_fusion_trace/layer_1_prompt_token_10_attn.png,outputs/cat_prompt_token_fusion_trace/prompt_token_fusion_trace/layer_1_prompt_token_10_attn_x_grad.npy,outputs/cat_prompt_token_fusion_trace/prompt_token_fusion_trace/layer_1_prompt_token_10_attn_x_grad.png
1,11,0.024761097505688667,0.03248794376850128,4.306552980892775e-08,1.949186980709783e-06,outputs/cat_prompt_token_fusion_trace/prompt_token_fusion_trace/layer_1_prompt_token_11_attn.npy,outputs/cat_prompt_token_fusion_trace/prompt_token_fusion_trace/layer_1_prompt_token_11_attn.png,outputs/cat_prompt_token_fusion_trace/prompt_token_fusion_trace/layer_1_prompt_token_11_attn_x_grad.npy,outputs/cat_prompt_token_fusion_trace/prompt_token_fusion_trace/layer_1_prompt_token_11_attn_x_grad.png
1,12,0.021727008745074272,0.029256366193294525,3.74569104621969e-08,1.706883153929084e-06,outputs/cat_prompt_token_fusion_trace/prompt_token_fusion_trace/layer_1_prompt_token_12_attn.npy,outputs/cat_prompt_token_fusion_trace/prompt_token_fusion_trace/layer_1_prompt_token_12_attn.png,outputs/cat_prompt_token_fusion_trace/prompt_token_fusion_trace/layer_1_prompt_token_12_attn_x_grad.npy,outputs/cat_prompt_token_fusion_trace/prompt_token_fusion_trace/layer_1_prompt_token_12_attn_x_grad.png
1,13,0.020342927426099777,0.028950367122888565,3.487149768943709e-08,1.505024329162552e-06,outputs/cat_prompt_token_fusion_trace/prompt_token_fusion_trace/layer_1_prompt_token_13_attn.npy,outputs/cat_prompt_token_fusion_trace/prompt_token_fusion_trace/layer_1_prompt_token_13_attn.png,outputs/cat_prompt_token_fusion_trace/prompt_token_fusion_trace/layer_1_prompt_token_13_attn_x_grad.npy,outputs/cat_prompt_token_fusion_trace/prompt_token_fusion_trace/layer_1_prompt_token_13_attn_x_grad.png
1,14,0.023391323164105415,0.033043600618839264,3.756422373157875e-08,1.6527782236153143e-06,outputs/cat_prompt_token_fusion_trace/prompt_token_fusion_trace/layer_1_prompt_token_14_attn.npy,outputs/cat_prompt_token_fusion_trace/prompt_token_fusion_trace/layer_1_prompt_token_14_attn.png,outputs/cat_prompt_token_fusion_trace/prompt_token_fusion_trace/layer_1_prompt_token_14_attn_x_grad.npy,outputs/cat_prompt_token_fusion_trace/prompt_token_fusion_trace/layer_1_prompt_token_14_attn_x_grad.png
1,15,0.028803667053580284,0.036693986505270004,4.85255675641838e-08,2.1512018975045066e-06,outputs/cat_prompt_token_fusion_trace/prompt_token_fusion_trace/layer_1_prompt_token_15_attn.npy,outputs/cat_prompt_token_fusion_trace/prompt_token_fusion_trace/layer_1_prompt_token_15_attn.png,outputs/cat_prompt_token_fusion_trace/prompt_token_fusion_trace/layer_1_prompt_token_15_attn_x_grad.npy,outputs/cat_prompt_token_fusion_trace/prompt_token_fusion_trace/layer_1_prompt_token_15_attn_x_grad.png
2,0,0.24298693239688873,0.3939211964607239,4.0120784206010285e-07,2.8377195121720433e-05,outputs/cat_prompt_token_fusion_trace/prompt_token_fusion_trace/layer_2_prompt_token_0_attn.npy,outputs/cat_prompt_token_fusion_trace/prompt_token_fusion_trace/layer_2_prompt_token_0_attn.png,outputs/cat_prompt_token_fusion_trace/prompt_token_fusion_trace/layer_2_prompt_token_0_attn_x_grad.npy,outputs/cat_prompt_token_fusion_trace/prompt_token_fusion_trace/layer_2_prompt_token_0_attn_x_grad.png
2,1,0.008515133522450924,0.03581085428595543,8.027447151448541e-09,2.921415216405876e-07,outputs/cat_prompt_token_fusion_trace/prompt_token_fusion_trace/layer_2_prompt_token_1_attn.npy,outputs/cat_prompt_token_fusion_trace/prompt_token_fusion_trace/layer_2_prompt_token_1_attn.png,outputs/cat_prompt_token_fusion_trace/prompt_token_fusion_trace/layer_2_prompt_token_1_attn_x_grad.npy,outputs/cat_prompt_token_fusion_trace/prompt_token_fusion_trace/layer_2_prompt_token_1_attn_x_grad.png
2,2,0.01627601496875286,0.06550705432891846,1.9069021917061946e-08,8.121325549836911e-07,outputs/cat_prompt_token_fusion_trace/prompt_token_fusion_trace/layer_2_prompt_token_2_attn.npy,outputs/cat_prompt_token_fusion_trace/prompt_token_fusion_trace/layer_2_prompt_token_2_attn.png,outputs/cat_prompt_token_fusion_trace/prompt_token_fusion_trace/layer_2_prompt_token_2_attn_x_grad.npy,outputs/cat_prompt_token_fusion_trace/prompt_token_fusion_trace/layer_2_prompt_token_2_attn_x_grad.png
2,3,0.02132658287882805,0.04167242348194122,3.928219527438159e-08,1.8576536149339518e-06,outputs/cat_prompt_token_fusion_trace/prompt_token_fusion_trace/layer_2_prompt_token_3_attn.npy,outputs/cat_prompt_token_fusion_trace/prompt_token_fusion_trace/layer_2_prompt_token_3_attn.png,outputs/cat_prompt_token_fusion_trace/prompt_token_fusion_trace/layer_2_prompt_token_3_attn_x_grad.npy,outputs/cat_prompt_token_fusion_trace/prompt_token_fusion_trace/layer_2_prompt_token_3_attn_x_grad.png
2,4,0.012997612357139587,0.02427639812231064,2.1001358874173093e-08,8.365299777324253e-07,outputs/cat_prompt_token_fusion_trace/prompt_token_fusion_trace/layer_2_prompt_token_4_attn.npy,outputs/cat_prompt_token_fusion_trace/prompt_token_fusion_trace/layer_2_prompt_token_4_attn.png,outputs/cat_prompt_token_fusion_trace/prompt_token_fusion_trace/layer_2_prompt_token_4_attn_x_grad.npy,outputs/cat_prompt_token_fusion_trace/prompt_token_fusion_trace/layer_2_prompt_token_4_attn_x_grad.png
2,5,0.01705591194331646,0.031332455575466156,2.515892028043254e-08,1.0869719062611694e-06,outputs/cat_prompt_token_fusion_trace/prompt_token_fusion_trace/layer_2_prompt_token_5_attn.npy,outputs/cat_prompt_token_fusion_trace/prompt_token_fusion_trace/layer_2_prompt_token_5_attn.png,outputs/cat_prompt_token_fusion_trace/prompt_token_fusion_trace/layer_2_prompt_token_5_attn_x_grad.npy,outputs/cat_prompt_token_fusion_trace/prompt_token_fusion_trace/layer_2_prompt_token_5_attn_x_grad.png
2,6,0.015087045729160309,0.023590736091136932,2.3703661256035957e-08,1.048252556756779e-06,outputs/cat_prompt_token_fusion_trace/prompt_token_fusion_trace/layer_2_prompt_token_6_attn.npy,outputs/cat_prompt_token_fusion_trace/prompt_token_fusion_trace/layer_2_prompt_token_6_attn.png,outputs/cat_prompt_token_fusion_trace/prompt_token_fusion_trace/layer_2_prompt_token_6_attn_x_grad.npy,outputs/cat_prompt_token_fusion_trace/prompt_token_fusion_trace/layer_2_prompt_token_6_attn_x_grad.png
2,7,0.015077400021255016,0.023363592103123665,2.463280424080949e-08,9.828268048295286e-07,outputs/cat_prompt_token_fusion_trace/prompt_token_fusion_trace/layer_2_prompt_token_7_attn.npy,outputs/cat_prompt_token_fusion_trace/prompt_token_fusion_trace/layer_2_prompt_token_7_attn.png,outputs/cat_prompt_token_fusion_trace/prompt_token_fusion_trace/layer_2_prompt_token_7_attn_x_grad.npy,outputs/cat_prompt_token_fusion_trace/prompt_token_fusion_trace/layer_2_prompt_token_7_attn_x_grad.png
2,8,0.015098310075700283,0.026302224025130272,2.6318614843034993e-08,1.0451805110278656e-06,outputs/cat_prompt_token_fusion_trace/prompt_token_fusion_trace/layer_2_prompt_token_8_attn.npy,outputs/cat_prompt_token_fusion_trace/prompt_token_fusion_trace/layer_2_prompt_token_8_attn.png,outputs/cat_prompt_token_fusion_trace/prompt_token_fusion_trace/layer_2_prompt_token_8_attn_x_grad.npy,outputs/cat_prompt_token_fusion_trace/prompt_token_fusion_trace/layer_2_prompt_token_8_attn_x_grad.png
2,9,0.019960306584835052,0.030916443094611168,3.495514988571813e-08,1.4832679653409286e-06,outputs/cat_prompt_token_fusion_trace/prompt_token_fusion_trace/layer_2_prompt_token_9_attn.npy,outputs/cat_prompt_token_fusion_trace/prompt_token_fusion_trace/layer_2_prompt_token_9_attn.png,outputs/cat_prompt_token_fusion_trace/prompt_token_fusion_trace/layer_2_prompt_token_9_attn_x_grad.npy,outputs/cat_prompt_token_fusion_trace/prompt_token_fusion_trace/layer_2_prompt_token_9_attn_x_grad.png
2,10,0.021793866530060768,0.029300041496753693,3.626812627999243e-08,1.483835035287484e-06,outputs/cat_prompt_token_fusion_trace/prompt_token_fusion_trace/layer_2_prompt_token_10_attn.npy,outputs/cat_prompt_token_fusion_trace/prompt_token_fusion_trace/layer_2_prompt_token_10_attn.png,outputs/cat_prompt_token_fusion_trace/prompt_token_fusion_trace/layer_2_prompt_token_10_attn_x_grad.npy,outputs/cat_prompt_token_fusion_trace/prompt_token_fusion_trace/layer_2_prompt_token_10_attn_x_grad.png
2,11,0.021405700594186783,0.030032919719815254,3.436005258095065e-08,1.4199472389009316e-06,outputs/cat_prompt_token_fusion_trace/prompt_token_fusion_trace/layer_2_prompt_token_11_attn.npy,outputs/cat_prompt_token_fusion_trace/prompt_token_fusion_trace/layer_2_prompt_token_11_attn.png,outputs/cat_prompt_token_fusion_trace/prompt_token_fusion_trace/layer_2_prompt_token_11_attn_x_grad.npy,outputs/cat_prompt_token_fusion_trace/prompt_token_fusion_trace/layer_2_prompt_token_11_attn_x_grad.png
2,12,0.017896363511681557,0.024859532713890076,3.0121722005560514e-08,1.236344928656763e-06,outputs/cat_prompt_token_fusion_trace/prompt_token_fusion_trace/layer_2_prompt_token_12_attn.npy,outputs/cat_prompt_token_fusion_trace/prompt_token_fusion_trace/layer_2_prompt_token_12_attn.png,outputs/cat_prompt_token_fusion_trace/prompt_token_fusion_trace/layer_2_prompt_token_12_attn_x_grad.npy,outputs/cat_prompt_token_fusion_trace/prompt_token_fusion_trace/layer_2_prompt_token_12_attn_x_grad.png
2,13,0.01764395833015442,0.024628721177577972,2.9797892153737848e-08,1.2618603477676515e-06,outputs/cat_prompt_token_fusion_trace/prompt_token_fusion_trace/layer_2_prompt_token_13_attn.npy,outputs/cat_prompt_token_fusion_trace/prompt_token_fusion_trace/layer_2_prompt_token_13_attn.png,outputs/cat_prompt_token_fusion_trace/prompt_token_fusion_trace/layer_2_prompt_token_13_attn_x_grad.npy,outputs/cat_prompt_token_fusion_trace/prompt_token_fusion_trace/layer_2_prompt_token_13_attn_x_grad.png
2,14,0.021473530679941177,0.030818069353699684,3.5745436832712585e-08,1.417099042555492e-06,outputs/cat_prompt_token_fusion_trace/prompt_token_fusion_trace/layer_2_prompt_token_14_attn.npy,outputs/cat_prompt_token_fusion_trace/prompt_token_fusion_trace/layer_2_prompt_token_14_attn.png,outputs/cat_prompt_token_fusion_trace/prompt_token_fusion_trace/layer_2_prompt_token_14_attn_x_grad.npy,outputs/cat_prompt_token_fusion_trace/prompt_token_fusion_trace/layer_2_prompt_token_14_attn_x_grad.png
2,15,0.0274902805685997,0.035595450550317764,4.7022751914482797e-08,1.993948444578564e-06,outputs/cat_prompt_token_fusion_trace/prompt_token_fusion_trace/layer_2_prompt_token_15_attn.npy,outputs/cat_prompt_token_fusion_trace/prompt_token_fusion_trace/layer_2_prompt_token_15_attn.png,outputs/cat_prompt_token_fusion_trace/prompt_token_fusion_trace/layer_2_prompt_token_15_attn_x_grad.npy,outputs/cat_prompt_token_fusion_trace/prompt_token_fusion_trace/layer_2_prompt_token_15_attn_x_grad.png
3,0,0.2666236162185669,0.4514086842536926,3.3482507433291175e-07,1.7649490473559126e-05,outputs/cat_prompt_token_fusion_trace/prompt_token_fusion_trace/layer_3_prompt_token_0_attn.npy,outputs/cat_prompt_token_fusion_trace/prompt_token_fusion_trace/layer_3_prompt_token_0_attn.png,outputs/cat_prompt_token_fusion_trace/prompt_token_fusion_trace/layer_3_prompt_token_0_attn_x_grad.npy,outputs/cat_prompt_token_fusion_trace/prompt_token_fusion_trace/layer_3_prompt_token_0_attn_x_grad.png
3,1,0.008884417824447155,0.04623863846063614,6.923010609227731e-09,3.3420491263314034e-07,outputs/cat_prompt_token_fusion_trace/prompt_token_fusion_trace/layer_3_prompt_token_1_attn.npy,outputs/cat_prompt_token_fusion_trace/prompt_token_fusion_trace/layer_3_prompt_token_1_attn.png,outputs/cat_prompt_token_fusion_trace/prompt_token_fusion_trace/layer_3_prompt_token_1_attn_x_grad.npy,outputs/cat_prompt_token_fusion_trace/prompt_token_fusion_trace/layer_3_prompt_token_1_attn_x_grad.png
3,2,0.018447155132889748,0.0661100298166275,2.404592258642424e-08,1.4111062682786724e-06,outputs/cat_prompt_token_fusion_trace/prompt_token_fusion_trace/layer_3_prompt_token_2_attn.npy,outputs/cat_prompt_token_fusion_trace/prompt_token_fusion_trace/layer_3_prompt_token_2_attn.png,outputs/cat_prompt_token_fusion_trace/prompt_token_fusion_trace/layer_3_prompt_token_2_attn_x_grad.npy,outputs/cat_prompt_token_fusion_trace/prompt_token_fusion_trace/layer_3_prompt_token_2_attn_x_grad.png
3,3,0.025990532711148262,0.04688188433647156,3.857486419178713e-08,2.0278789634176064e-06,outputs/cat_prompt_token_fusion_trace/prompt_token_fusion_trace/layer_3_prompt_token_3_attn.npy,outputs/cat_prompt_token_fusion_trace/prompt_token_fusion_trace/layer_3_prompt_token_3_attn.png,outputs/cat_prompt_token_fusion_trace/prompt_token_fusion_trace/layer_3_prompt_token_3_attn_x_grad.npy,outputs/cat_prompt_token_fusion_trace/prompt_token_fusion_trace/layer_3_prompt_token_3_attn_x_grad.png
3,4,0.020191291347146034,0.04205765947699547,2.648554975337447e-08,1.3388172419581679e-06,outputs/cat_prompt_token_fusion_trace/prompt_token_fusion_trace/layer_3_prompt_token_4_attn.npy,outputs/cat_prompt_token_fusion_trace/prompt_token_fusion_trace/layer_3_prompt_token_4_attn.png,outputs/cat_prompt_token_fusion_trace/prompt_token_fusion_trace/layer_3_prompt_token_4_attn_x_grad.npy,outputs/cat_prompt_token_fusion_trace/prompt_token_fusion_trace/layer_3_prompt_token_4_attn_x_grad.png
3,5,0.018627293407917023,0.029911600053310394,2.249939790033295e-08,1.2202574453112902e-06,outputs/cat_prompt_token_fusion_trace/prompt_token_fusion_trace/layer_3_prompt_token_5_attn.npy,outputs/cat_prompt_token_fusion_trace/prompt_token_fusion_trace/layer_3_prompt_token_5_attn.png,outputs/cat_prompt_token_fusion_trace/prompt_token_fusion_trace/layer_3_prompt_token_5_attn_x_grad.npy,outputs/cat_prompt_token_fusion_trace/prompt_token_fusion_trace/layer_3_prompt_token_5_attn_x_grad.png
3,6,0.017312506213784218,0.028328929096460342,1.987255870972149e-08,1.0872921620830311e-06,outputs/cat_prompt_token_fusion_trace/prompt_token_fusion_trace/layer_3_prompt_token_6_attn.npy,outputs/cat_prompt_token_fusion_trace/prompt_token_fusion_trace/layer_3_prompt_token_6_attn.png,outputs/cat_prompt_token_fusion_trace/prompt_token_fusion_trace/layer_3_prompt_token_6_attn_x_grad.npy,outputs/cat_prompt_token_fusion_trace/prompt_token_fusion_trace/layer_3_prompt_token_6_attn_x_grad.png
3,7,0.01749832183122635,0.026028387248516083,2.0297409975000846e-08,1.12916313810274e-06,outputs/cat_prompt_token_fusion_trace/prompt_token_fusion_trace/layer_3_prompt_token_7_attn.npy,outputs/cat_prompt_token_fusion_trace/prompt_token_fusion_trace/layer_3_prompt_token_7_attn.png,outputs/cat_prompt_token_fusion_trace/prompt_token_fusion_trace/layer_3_prompt_token_7_attn_x_grad.npy,outputs/cat_prompt_token_fusion_trace/prompt_token_fusion_trace/layer_3_prompt_token_7_attn_x_grad.png
3,8,0.017061831429600716,0.02371308021247387,2.1280419204572354e-08,1.2129432889196323e-06,outputs/cat_prompt_token_fusion_trace/prompt_token_fusion_trace/layer_3_prompt_token_8_attn.npy,outputs/cat_prompt_token_fusion_trace/prompt_token_fusion_trace/layer_3_prompt_token_8_attn.png,outputs/cat_prompt_token_fusion_trace/prompt_token_fusion_trace/layer_3_prompt_token_8_attn_x_grad.npy,outputs/cat_prompt_token_fusion_trace/prompt_token_fusion_trace/layer_3_prompt_token_8_attn_x_grad.png
3,9,0.020651645958423615,0.02921481803059578,2.467320392440797e-08,1.3080585858915583e-06,outputs/cat_prompt_token_fusion_trace/prompt_token_fusion_trace/layer_3_prompt_token_9_attn.npy,outputs/cat_prompt_token_fusion_trace/prompt_token_fusion_trace/layer_3_prompt_token_9_attn.png,outputs/cat_prompt_token_fusion_trace/prompt_token_fusion_trace/layer_3_prompt_token_9_attn_x_grad.npy,outputs/cat_prompt_token_fusion_trace/prompt_token_fusion_trace/layer_3_prompt_token_9_attn_x_grad.png
3,10,0.02342897653579712,0.030607834458351135,2.726066661296045e-08,1.5241471373883542e-06,outputs/cat_prompt_token_fusion_trace/prompt_token_fusion_trace/layer_3_prompt_token_10_attn.npy,outputs/cat_prompt_token_fusion_trace/prompt_token_fusion_trace/layer_3_prompt_token_10_attn.png,outputs/cat_prompt_token_fusion_trace/prompt_token_fusion_trace/layer_3_prompt_token_10_attn_x_grad.npy,outputs/cat_prompt_token_fusion_trace/prompt_token_fusion_trace/layer_3_prompt_token_10_attn_x_grad.png
3,11,0.021847378462553024,0.031106388196349144,2.26244161183331e-08,1.1565082331799204e-06,outputs/cat_prompt_token_fusion_trace/prompt_token_fusion_trace/layer_3_prompt_token_11_attn.npy,outputs/cat_prompt_token_fusion_trace/prompt_token_fusion_trace/layer_3_prompt_token_11_attn.png,outputs/cat_prompt_token_fusion_trace/prompt_token_fusion_trace/layer_3_prompt_token_11_attn_x_grad.npy,outputs/cat_prompt_token_fusion_trace/prompt_token_fusion_trace/layer_3_prompt_token_11_attn_x_grad.png
3,12,0.01960679702460766,0.02845594473183155,2.261485754218029e-08,1.1793634939749609e-06,outputs/cat_prompt_token_fusion_trace/prompt_token_fusion_trace/layer_3_prompt_token_12_attn.npy,outputs/cat_prompt_token_fusion_trace/prompt_token_fusion_trace/layer_3_prompt_token_12_attn.png,outputs/cat_prompt_token_fusion_trace/prompt_token_fusion_trace/layer_3_prompt_token_12_attn_x_grad.npy,outputs/cat_prompt_token_fusion_trace/prompt_token_fusion_trace/layer_3_prompt_token_12_attn_x_grad.png
3,13,0.01881653256714344,0.02706560678780079,2.2030581803278437e-08,1.1503794894451858e-06,outputs/cat_prompt_token_fusion_trace/prompt_token_fusion_trace/layer_3_prompt_token_13_attn.npy,outputs/cat_prompt_token_fusion_trace/prompt_token_fusion_trace/layer_3_prompt_token_13_attn.png,outputs/cat_prompt_token_fusion_trace/prompt_token_fusion_trace/layer_3_prompt_token_13_attn_x_grad.npy,outputs/cat_prompt_token_fusion_trace/prompt_token_fusion_trace/layer_3_prompt_token_13_attn_x_grad.png
3,14,0.021516509354114532,0.029933009296655655,2.5792697755377958e-08,1.3492708603735082e-06,outputs/cat_prompt_token_fusion_trace/prompt_token_fusion_trace/layer_3_prompt_token_14_attn.npy,outputs/cat_prompt_token_fusion_trace/prompt_token_fusion_trace/layer_3_prompt_token_14_attn.png,outputs/cat_prompt_token_fusion_trace/prompt_token_fusion_trace/layer_3_prompt_token_14_attn_x_grad.npy,outputs/cat_prompt_token_fusion_trace/prompt_token_fusion_trace/layer_3_prompt_token_14_attn_x_grad.png
3,15,0.028171416372060776,0.03742095082998276,3.3567427948355544e-08,1.7449599454266718e-06,outputs/cat_prompt_token_fusion_trace/prompt_token_fusion_trace/layer_3_prompt_token_15_attn.npy,outputs/cat_prompt_token_fusion_trace/prompt_token_fusion_trace/layer_3_prompt_token_15_attn.png,outputs/cat_prompt_token_fusion_trace/prompt_token_fusion_trace/layer_3_prompt_token_15_attn_x_grad.npy,outputs/cat_prompt_token_fusion_trace/prompt_token_fusion_trace/layer_3_prompt_token_15_attn_x_grad.png
4,0,0.4442986249923706,0.629382848739624,4.2886460960289696e-07,1.8855971575248986e-05,outputs/cat_prompt_token_fusion_trace/prompt_token_fusion_trace/layer_4_prompt_token_0_attn.npy,outputs/cat_prompt_token_fusion_trace/prompt_token_fusion_trace/layer_4_prompt_token_0_attn.png,outputs/cat_prompt_token_fusion_trace/prompt_token_fusion_trace/layer_4_prompt_token_0_attn_x_grad.npy,outputs/cat_prompt_token_fusion_trace/prompt_token_fusion_trace/layer_4_prompt_token_0_attn_x_grad.png
4,1,0.008489994332194328,0.027040855959057808,6.03114713726427e-09,1.8128119450011582e-07,outputs/cat_prompt_token_fusion_trace/prompt_token_fusion_trace/layer_4_prompt_token_1_attn.npy,outputs/cat_prompt_token_fusion_trace/prompt_token_fusion_trace/layer_4_prompt_token_1_attn.png,outputs/cat_prompt_token_fusion_trace/prompt_token_fusion_trace/layer_4_prompt_token_1_attn_x_grad.npy,outputs/cat_prompt_token_fusion_trace/prompt_token_fusion_trace/layer_4_prompt_token_1_attn_x_grad.png
4,2,0.0230946633964777,0.049081116914749146,2.2371349217564784e-08,6.869090611871798e-07,outputs/cat_prompt_token_fusion_trace/prompt_token_fusion_trace/layer_4_prompt_token_2_attn.npy,outputs/cat_prompt_token_fusion_trace/prompt_token_fusion_trace/layer_4_prompt_token_2_attn.png,outputs/cat_prompt_token_fusion_trace/prompt_token_fusion_trace/layer_4_prompt_token_2_attn_x_grad.npy,outputs/cat_prompt_token_fusion_trace/prompt_token_fusion_trace/layer_4_prompt_token_2_attn_x_grad.png
4,3,0.024906925857067108,0.05093029513955116,2.9360462505678697e-08,8.324368536705151e-07,outputs/cat_prompt_token_fusion_trace/prompt_token_fusion_trace/layer_4_prompt_token_3_attn.npy,outputs/cat_prompt_token_fusion_trace/prompt_token_fusion_trace/layer_4_prompt_token_3_attn.png,outputs/cat_prompt_token_fusion_trace/prompt_token_fusion_trace/layer_4_prompt_token_3_attn_x_grad.npy,outputs/cat_prompt_token_fusion_trace/prompt_token_fusion_trace/layer_4_prompt_token_3_attn_x_grad.png
4,4,0.013157636858522892,0.02522861957550049,1.2361723200626784e-08,3.6574567729985574e-07,outputs/cat_prompt_token_fusion_trace/prompt_token_fusion_trace/layer_4_prompt_token_4_attn.npy,outputs/cat_prompt_token_fusion_trace/prompt_token_fusion_trace/layer_4_prompt_token_4_attn.png,outputs/cat_prompt_token_fusion_trace/prompt_token_fusion_trace/layer_4_prompt_token_4_attn_x_grad.npy,outputs/cat_prompt_token_fusion_trace/prompt_token_fusion_trace/layer_4_prompt_token_4_attn_x_grad.png
4,5,0.01407590787857771,0.025752685964107513,1.2552048289649065e-08,3.9425134445991716e-07,outputs/cat_prompt_token_fusion_trace/prompt_token_fusion_trace/layer_4_prompt_token_5_attn.npy,outputs/cat_prompt_token_fusion_trace/prompt_token_fusion_trace/layer_4_prompt_token_5_attn.png,outputs/cat_prompt_token_fusion_trace/prompt_token_fusion_trace/layer_4_prompt_token_5_attn_x_grad.npy,outputs/cat_prompt_token_fusion_trace/prompt_token_fusion_trace/layer_4_prompt_token_5_attn_x_grad.png
4,6,0.01168025378137827,0.020793113857507706,9.888255547707558e-09,3.0507194992424047e-07,outputs/cat_prompt_token_fusion_trace/prompt_token_fusion_trace/layer_4_prompt_token_6_attn.npy,outputs/cat_prompt_token_fusion_trace/prompt_token_fusion_trace/layer_4_prompt_token_6_attn.png,outputs/cat_prompt_token_fusion_trace/prompt_token_fusion_trace/layer_4_prompt_token_6_attn_x_grad.npy,outputs/cat_prompt_token_fusion_trace/prompt_token_fusion_trace/layer_4_prompt_token_6_attn_x_grad.png
4,7,0.01345757208764553,0.0243206899613142,1.2131811999438469e-08,3.707469033997768e-07,outputs/cat_prompt_token_fusion_trace/prompt_token_fusion_trace/layer_4_prompt_token_7_attn.npy,outputs/cat_prompt_token_fusion_trace/prompt_token_fusion_trace/layer_4_prompt_token_7_attn.png,outputs/cat_prompt_token_fusion_trace/prompt_token_fusion_trace/layer_4_prompt_token_7_attn_x_grad.npy,outputs/cat_prompt_token_fusion_trace/prompt_token_fusion_trace/layer_4_prompt_token_7_attn_x_grad.png
4,8,0.01536721084266901,0.026278886944055557,1.4875212173137697e-08,4.81921119899198e-07,outputs/cat_prompt_token_fusion_trace/prompt_token_fusion_trace/layer_4_prompt_token_8_attn.npy,outputs/cat_prompt_token_fusion_trace/prompt_token_fusion_trace/layer_4_prompt_token_8_attn.png,outputs/cat_prompt_token_fusion_trace/prompt_token_fusion_trace/layer_4_prompt_token_8_attn_x_grad.npy,outputs/cat_prompt_token_fusion_trace/prompt_token_fusion_trace/layer_4_prompt_token_8_attn_x_grad.png
4,9,0.01687937043607235,0.027467388659715652,1.597602405922771e-08,5.18360991463851e-07,outputs/cat_prompt_token_fusion_trace/prompt_token_fusion_trace/layer_4_prompt_token_9_attn.npy,outputs/cat_prompt_token_fusion_trace/prompt_token_fusion_trace/layer_4_prompt_token_9_attn.png,outputs/cat_prompt_token_fusion_trace/prompt_token_fusion_trace/layer_4_prompt_token_9_attn_x_grad.npy,outputs/cat_prompt_token_fusion_trace/prompt_token_fusion_trace/layer_4_prompt_token_9_attn_x_grad.png
4,10,0.01711868867278099,0.02802790142595768,1.562285767420235e-08,5.131727220941684e-07,outputs/cat_prompt_token_fusion_trace/prompt_token_fusion_trace/layer_4_prompt_token_10_attn.npy,outputs/cat_prompt_token_fusion_trace/prompt_token_fusion_trace/layer_4_prompt_token_10_attn.png,outputs/cat_prompt_token_fusion_trace/prompt_token_fusion_trace/layer_4_prompt_token_10_attn_x_grad.npy,outputs/cat_prompt_token_fusion_trace/prompt_token_fusion_trace/layer_4_prompt_token_10_attn_x_grad.png
4,11,0.017293879762291908,0.028094448149204254,1.6526410462347485e-08,5.596737651103467e-07,outputs/cat_prompt_token_fusion_trace/prompt_token_fusion_trace/layer_4_prompt_token_11_attn.npy,outputs/cat_prompt_token_fusion_trace/prompt_token_fusion_trace/layer_4_prompt_token_11_attn.png,outputs/cat_prompt_token_fusion_trace/prompt_token_fusion_trace/layer_4_prompt_token_11_attn_x_grad.npy,outputs/cat_prompt_token_fusion_trace/prompt_token_fusion_trace/layer_4_prompt_token_11_attn_x_grad.png
4,12,0.01716618239879608,0.026408489793539047,1.6862298224396e-08,5.46831302017381e-07,outputs/cat_prompt_token_fusion_trace/prompt_token_fusion_trace/layer_4_prompt_token_12_attn.npy,outputs/cat_prompt_token_fusion_trace/prompt_token_fusion_trace/layer_4_prompt_token_12_attn.png,outputs/cat_prompt_token_fusion_trace/prompt_token_fusion_trace/layer_4_prompt_token_12_attn_x_grad.npy,outputs/cat_prompt_token_fusion_trace/prompt_token_fusion_trace/layer_4_prompt_token_12_attn_x_grad.png
4,13,0.015836507081985474,0.024009721353650093,1.5460704716474538e-08,5.141766337146692e-07,outputs/cat_prompt_token_fusion_trace/prompt_token_fusion_trace/layer_4_prompt_token_13_attn.npy,outputs/cat_prompt_token_fusion_trace/prompt_token_fusion_trace/layer_4_prompt_token_13_attn.png,outputs/cat_prompt_token_fusion_trace/prompt_token_fusion_trace/layer_4_prompt_token_13_attn_x_grad.npy,outputs/cat_prompt_token_fusion_trace/prompt_token_fusion_trace/layer_4_prompt_token_13_attn_x_grad.png
4,14,0.015872040763497353,0.026013102382421494,1.4855023877657914e-08,4.828264081879752e-07,outputs/cat_prompt_token_fusion_trace/prompt_token_fusion_trace/layer_4_prompt_token_14_attn.npy,outputs/cat_prompt_token_fusion_trace/prompt_token_fusion_trace/layer_4_prompt_token_14_attn.png,outputs/cat_prompt_token_fusion_trace/prompt_token_fusion_trace/layer_4_prompt_token_14_attn_x_grad.npy,outputs/cat_prompt_token_fusion_trace/prompt_token_fusion_trace/layer_4_prompt_token_14_attn_x_grad.png
4,15,0.020037412643432617,0.029272068291902542,1.9019774200046413e-08,6.082699428588967e-07,outputs/cat_prompt_token_fusion_trace/prompt_token_fusion_trace/layer_4_prompt_token_15_attn.npy,outputs/cat_prompt_token_fusion_trace/prompt_token_fusion_trace/layer_4_prompt_token_15_attn.png,outputs/cat_prompt_token_fusion_trace/prompt_token_fusion_trace/layer_4_prompt_token_15_attn_x_grad.npy,outputs/cat_prompt_token_fusion_trace/prompt_token_fusion_trace/layer_4_prompt_token_15_attn_x_grad.png
5,0,0.4304635226726532,0.6366795301437378,2.599579147499753e-07,9.526413123239763e-06,outputs/cat_prompt_token_fusion_trace/prompt_token_fusion_trace/layer_5_prompt_token_0_attn.npy,outputs/cat_prompt_token_fusion_trace/prompt_token_fusion_trace/layer_5_prompt_token_0_attn.png,outputs/cat_prompt_token_fusion_trace/prompt_token_fusion_trace/layer_5_prompt_token_0_attn_x_grad.npy,outputs/cat_prompt_token_fusion_trace/prompt_token_fusion_trace/layer_5_prompt_token_0_attn_x_grad.png
5,1,0.013353388756513596,0.03426741063594818,7.157483938868836e-09,4.124245833736495e-07,outputs/cat_prompt_token_fusion_trace/prompt_token_fusion_trace/layer_5_prompt_token_1_attn.npy,outputs/cat_prompt_token_fusion_trace/prompt_token_fusion_trace/layer_5_prompt_token_1_attn.png,outputs/cat_prompt_token_fusion_trace/prompt_token_fusion_trace/layer_5_prompt_token_1_attn_x_grad.npy,outputs/cat_prompt_token_fusion_trace/prompt_token_fusion_trace/layer_5_prompt_token_1_attn_x_grad.png
5,2,0.027640333399176598,0.07544025778770447,1.5840507572306706e-08,7.227818628052773e-07,outputs/cat_prompt_token_fusion_trace/prompt_token_fusion_trace/layer_5_prompt_token_2_attn.npy,outputs/cat_prompt_token_fusion_trace/prompt_token_fusion_trace/layer_5_prompt_token_2_attn.png,outputs/cat_prompt_token_fusion_trace/prompt_token_fusion_trace/layer_5_prompt_token_2_attn_x_grad.npy,outputs/cat_prompt_token_fusion_trace/prompt_token_fusion_trace/layer_5_prompt_token_2_attn_x_grad.png
5,3,0.01763559877872467,0.0311288982629776,1.2743566202289003e-08,5.353019787435187e-07,outputs/cat_prompt_token_fusion_trace/prompt_token_fusion_trace/layer_5_prompt_token_3_attn.npy,outputs/cat_prompt_token_fusion_trace/prompt_token_fusion_trace/layer_5_prompt_token_3_attn.png,outputs/cat_prompt_token_fusion_trace/prompt_token_fusion_trace/layer_5_prompt_token_3_attn_x_grad.npy,outputs/cat_prompt_token_fusion_trace/prompt_token_fusion_trace/layer_5_prompt_token_3_attn_x_grad.png
5,4,0.013967141509056091,0.024203108623623848,9.644739229486277e-09,4.0682570556782593e-07,outputs/cat_prompt_token_fusion_trace/prompt_token_fusion_trace/layer_5_prompt_token_4_attn.npy,outputs/cat_prompt_token_fusion_trace/prompt_token_fusion_trace/layer_5_prompt_token_4_attn.png,outputs/cat_prompt_token_fusion_trace/prompt_token_fusion_trace/layer_5_prompt_token_4_attn_x_grad.npy,outputs/cat_prompt_token_fusion_trace/prompt_token_fusion_trace/layer_5_prompt_token_4_attn_x_grad.png
5,5,0.014127736911177635,0.023624438792467117,9.670180212140167e-09,4.296809947845759e-07,outputs/cat_prompt_token_fusion_trace/prompt_token_fusion_trace/layer_5_prompt_token_5_attn.npy,outputs/cat_prompt_token_fusion_trace/prompt_token_fusion_trace/layer_5_prompt_token_5_attn.png,outputs/cat_prompt_token_fusion_trace/prompt_token_fusion_trace/layer_5_prompt_token_5_attn_x_grad.npy,outputs/cat_prompt_token_fusion_trace/prompt_token_fusion_trace/layer_5_prompt_token_5_attn_x_grad.png
5,6,0.014010115526616573,0.02045973762869835,8.993944256019404e-09,3.555100249741372e-07,outputs/cat_prompt_token_fusion_trace/prompt_token_fusion_trace/layer_5_prompt_token_6_attn.npy,outputs/cat_prompt_token_fusion_trace/prompt_token_fusion_trace/layer_5_prompt_token_6_attn.png,outputs/cat_prompt_token_fusion_trace/prompt_token_fusion_trace/layer_5_prompt_token_6_attn_x_grad.npy,outputs/cat_prompt_token_fusion_trace/prompt_token_fusion_trace/layer_5_prompt_token_6_attn_x_grad.png
5,7,0.013885533437132835,0.021660977974534035,8.967133702242336e-09,3.5926518648921046e-07,outputs/cat_prompt_token_fusion_trace/prompt_token_fusion_trace/layer_5_prompt_token_7_attn.npy,outputs/cat_prompt_token_fusion_trace/prompt_token_fusion_trace/layer_5_prompt_token_7_attn.png,outputs/cat_prompt_token_fusion_trace/prompt_token_fusion_trace/layer_5_prompt_token_7_attn_x_grad.npy,outputs/cat_prompt_token_fusion_trace/prompt_token_fusion_trace/layer_5_prompt_token_7_attn_x_grad.png
5,8,0.01462850347161293,0.022032465785741806,1.0041635967183993e-08,3.5319655466992117e-07,outputs/cat_prompt_token_fusion_trace/prompt_token_fusion_trace/layer_5_prompt_token_8_attn.npy,outputs/cat_prompt_token_fusion_trace/prompt_token_fusion_trace/layer_5_prompt_token_8_attn.png,outputs/cat_prompt_token_fusion_trace/prompt_token_fusion_trace/layer_5_prompt_token_8_attn_x_grad.npy,outputs/cat_prompt_token_fusion_trace/prompt_token_fusion_trace/layer_5_prompt_token_8_attn_x_grad.png
5,9,0.017445553094148636,0.024819592013955116,1.178657971223629e-08,3.774820527269185e-07,outputs/cat_prompt_token_fusion_trace/prompt_token_fusion_trace/layer_5_prompt_token_9_attn.npy,outputs/cat_prompt_token_fusion_trace/prompt_token_fusion_trace/layer_5_prompt_token_9_attn.png,outputs/cat_prompt_token_fusion_trace/prompt_token_fusion_trace/layer_5_prompt_token_9_attn_x_grad.npy,outputs/cat_prompt_token_fusion_trace/prompt_token_fusion_trace/layer_5_prompt_token_9_attn_x_grad.png
5,10,0.020238760858774185,0.02873235195875168,1.3360384798488667e-08,4.330432830101927e-07,outputs/cat_prompt_token_fusion_trace/prompt_token_fusion_trace/layer_5_prompt_token_10_attn.npy,outputs/cat_prompt_token_fusion_trace/prompt_token_fusion_trace/layer_5_prompt_token_10_attn.png,outputs/cat_prompt_token_fusion_trace/prompt_token_fusion_trace/layer_5_prompt_token_10_attn_x_grad.npy,outputs/cat_prompt_token_fusion_trace/prompt_token_fusion_trace/layer_5_prompt_token_10_attn_x_grad.png
5,11,0.01840304024517536,0.02939332090318203,1.1543757061360793e-08,3.8868617480147805e-07,outputs/cat_prompt_token_fusion_trace/prompt_token_fusion_trace/layer_5_prompt_token_11_attn.npy,outputs/cat_prompt_token_fusion_trace/prompt_token_fusion_trace/layer_5_prompt_token_11_attn.png,outputs/cat_prompt_token_fusion_trace/prompt_token_fusion_trace/layer_5_prompt_token_11_attn_x_grad.npy,outputs/cat_prompt_token_fusion_trace/prompt_token_fusion_trace/layer_5_prompt_token_11_attn_x_grad.png
5,12,0.016652647405862808,0.027616087347269058,1.0759706903229471e-08,3.731684046215378e-07,outputs/cat_prompt_token_fusion_trace/prompt_token_fusion_trace/layer_5_prompt_token_12_attn.npy,outputs/cat_prompt_token_fusion_trace/prompt_token_fusion_trace/layer_5_prompt_token_12_attn.png,outputs/cat_prompt_token_fusion_trace/prompt_token_fusion_trace/layer_5_prompt_token_12_attn_x_grad.npy,outputs/cat_prompt_token_fusion_trace/prompt_token_fusion_trace/layer_5_prompt_token_12_attn_x_grad.png
5,13,0.01455252431333065,0.025330577045679092,9.564808500783784e-09,3.3871336313495704e-07,outputs/cat_prompt_token_fusion_trace/prompt_token_fusion_trace/layer_5_prompt_token_13_attn.npy,outputs/cat_prompt_token_fusion_trace/prompt_token_fusion_trace/layer_5_prompt_token_13_attn.png,outputs/cat_prompt_token_fusion_trace/prompt_token_fusion_trace/layer_5_prompt_token_13_attn_x_grad.npy,outputs/cat_prompt_token_fusion_trace/prompt_token_fusion_trace/layer_5_prompt_token_13_attn_x_grad.png
5,14,0.014736593700945377,0.025751424953341484,9.558998925740525e-09,3.167499755818426e-07,outputs/cat_prompt_token_fusion_trace/prompt_token_fusion_trace/layer_5_prompt_token_14_attn.npy,outputs/cat_prompt_token_fusion_trace/prompt_token_fusion_trace/layer_5_prompt_token_14_attn.png,outputs/cat_prompt_token_fusion_trace/prompt_token_fusion_trace/layer_5_prompt_token_14_attn_x_grad.npy,outputs/cat_prompt_token_fusion_trace/prompt_token_fusion_trace/layer_5_prompt_token_14_attn_x_grad.png
5,15,0.018917951732873917,0.02785363234579563,1.2710059671405816e-08,4.0288685454470397e-07,outputs/cat_prompt_token_fusion_trace/prompt_token_fusion_trace/layer_5_prompt_token_15_attn.npy,outputs/cat_prompt_token_fusion_trace/prompt_token_fusion_trace/layer_5_prompt_token_15_attn.png,outputs/cat_prompt_token_fusion_trace/prompt_token_fusion_trace/layer_5_prompt_token_15_attn_x_grad.npy,outputs/cat_prompt_token_fusion_trace/prompt_token_fusion_trace/layer_5_prompt_token_15_attn_x_grad.png
